Year,Sex,Race/Hispanic Ethnicity,Cases,Population,Rate
2019,Male,American Indian or Alaska Native,"4,834","1,189,703",406.3
2019,Male,Asian,"9,515","8,918,924",106.7
2019,Male,Black or African American,"197,588","19,560,023","1,010.2"
2019,Male,Native Hawaiian or Other Pacific Islander,"1,178","294,994",399.3
2019,Male,White,"138,843","97,418,608",142.5
2019,Male,Two or More Races,"6,193","3,512,242",176.3
2019,Male,Hispanic or Latino,"76,247","30,234,185",252.2
2019,Male,Total (including other/unknown race),"644,337","161,128,679",399.9
2019,Female,American Indian or Alaska Native,"13,533","1,227,668","1,102.3"
2019,Female,Asian,"14,506","9,809,751",147.9
2019,Female,Black or African American,"306,417","21,342,200","1,435.7"
2019,Female,Native Hawaiian or Other Pacific Islander,"3,113","291,352","1,068.5"
2019,Female,White,"275,061","100,127,799",274.7
2019,Female,Two or More Races,"10,231","3,602,424",284.0
2019,Female,Hispanic or Latino,"155,347","29,637,561",524.2
2019,Female,Total (including other/unknown race),"1,160,470","166,038,755",698.9
