STD,Year,Sex,Reporting Source,Cases
Chlamydia,2011,Male,Other (not STD clinic),263374
Chlamydia,2011,Male,STD clinic,81886
Chlamydia,2011,Female,Other (not STD clinic),828383
Chlamydia,2011,Female,STD clinic,70025
Chlamydia,2012,Male,Other (not STD clinic),279193
Chlamydia,2012,Male,STD clinic,76126
Chlamydia,2012,Female,Other (not STD clinic),838099
Chlamydia,2012,Female,STD clinic,62748
Chlamydia,2013,Male,Other (not STD clinic),284722
Chlamydia,2013,Male,STD clinic,69680
Chlamydia,2013,Female,Other (not STD clinic),812153
Chlamydia,2013,Female,STD clinic,54590
Chlamydia,2014,Male,Other (not STD clinic),307841
Chlamydia,2014,Male,STD clinic,64479
Chlamydia,2014,Female,Other (not STD clinic),818242
Chlamydia,2014,Female,STD clinic,49702
Chlamydia,2015,Male,Other (not STD clinic),345631
Chlamydia,2015,Male,STD clinic,61882
Chlamydia,2015,Female,Other (not STD clinic),849582
Chlamydia,2015,Female,STD clinic,47336
Chlamydia,2016,Male,Other (not STD clinic),385508
Chlamydia,2016,Male,STD clinic,57357
Chlamydia,2016,Female,Other (not STD clinic),868234
Chlamydia,2016,Female,STD clinic,44552
Chlamydia,2017,Male,Other (not STD clinic),432451
Chlamydia,2017,Male,STD clinic,56172
Chlamydia,2017,Female,Other (not STD clinic),909431
Chlamydia,2017,Female,STD clinic,43168
Chlamydia,2018,Male,Other (not STD clinic),467836
Chlamydia,2018,Male,STD clinic,52463
Chlamydia,2018,Female,Other (not STD clinic),939590
Chlamydia,2018,Female,STD clinic,39512
Chlamydia,2019,Male,Other (not STD clinic),488813
Chlamydia,2019,Male,STD clinic,55149
Chlamydia,2019,Female,Other (not STD clinic),934553
Chlamydia,2019,Female,STD clinic,45185
Chlamydia,2020,Male,Other (not STD clinic),418334
Chlamydia,2020,Male,STD clinic,38100
Chlamydia,2020,Female,Other (not STD clinic),827524
Chlamydia,2020,Female,STD clinic,29175
