STD,Year,Race and Hispanic Ethnicity,Sex,Rate
Chlamydia,2020,AI/AN,Male,315.8
Chlamydia,2020,AI/AN,Female,899.7
Chlamydia,2020,Asian,Male,72
Chlamydia,2020,Asian,Female,101.5
Chlamydia,2020,Black/AA,Male,883.7
Chlamydia,2020,Black/AA,Female,1270.1
Chlamydia,2020,Hispanic/Latino,Male,198
Chlamydia,2020,Hispanic/Latino,Female,427.1
Chlamydia,2020,NH/PI,Male,300.6
Chlamydia,2020,NH/PI,Female,830
Chlamydia,2020,White,Male,113.2
Chlamydia,2020,White,Female,241.7
Chlamydia,2020,Multiracial,Male,167.2
Chlamydia,2020,Multiracial,Female,322.4
Chlamydia,2020,Total,Male,339.4
Chlamydia,2020,Total,Female,616.5
