Year,Reporting Source,Cases,Percent
2010,Private Physician/HMO,"81,276",23%
2011,Private Physician/HMO,"91,531",23%
2012,Private Physician/HMO,"98,735",24%
2013,Private Physician/HMO,"98,670",24%
2014,Private Physician/HMO,"108,364",25%
2015,Private Physician/HMO,"116,964",24%
2016,Private Physician/HMO,"135,181",26%
2017,Private Physician/HMO,"143,446",25%
2018,Private Physician/HMO,"146,455",24%
2019,Private Physician/HMO,"153,706",24%
2010,STD Clinic,"90,530",26%
2011,STD Clinic,"82,482",21%
2012,STD Clinic,"76,685",19%
2013,STD Clinic,"70,266",17%
2014,STD Clinic,"65,087",15%
2015,STD Clinic,"62,635",13%
2016,STD Clinic,"57,914",11%
2017,STD Clinic,"56,552",10%
2018,STD Clinic,"52,767",9%
2019,STD Clinic,"55,354",9%
2010,Hospital (Other),"21,241",6%
2011,Hospital (Other),"26,422",7%
2012,Hospital (Other),"27,780",7%
2013,Hospital (Other),"28,189",7%
2014,Hospital (Other),"34,371",8%
2015,Hospital (Other),"37,521",8%
2016,Hospital (Other),"45,552",9%
2017,Hospital (Other),"50,271",9%
2018,Hospital (Other),"53,228",9%
2019,Hospital (Other),"53,376",8%
2010,Emergency Room,"9,059",3%
2011,Emergency Room,"11,143",3%
2012,Emergency Room,"13,139",3%
2013,Emergency Room,"14,710",4%
2014,Emergency Room,"16,656",4%
2015,Emergency Room,"19,689",4%
2016,Emergency Room,"22,852",4%
2017,Emergency Room,"26,626",5%
2018,Emergency Room,"33,343",5%
2019,Emergency Room,"45,280",7%
2010,Laboratory,"6,478",2%
2011,Laboratory,"9,844",3%
2012,Laboratory,"11,672",3%
2013,Laboratory,"13,357",3%
2014,Laboratory,"15,021",3%
2015,Laboratory,"21,028",4%
2016,Laboratory,"24,587",5%
2017,Laboratory,"34,018",6%
2018,Laboratory,"41,151",7%
2019,Laboratory,"39,996",6%
2010,All Other,"115,096",32%
2011,All Other,"136,652",35%
2012,All Other,"140,350",35%
2013,All Other,"142,060",35%
2014,All Other,"139,192",32%
2015,All Other,"156,144",33%
2016,All Other,"160,534",31%
2017,All Other,"186,502",32%
2018,All Other,"202,270",33%
2019,All Other,"221,709",34%
2010,Missing/Unknown,"31,319",9%
2011,Missing/Unknown,"33,002",8%
2012,Missing/Unknown,"35,321",9%
2013,Missing/Unknown,"39,603",10%
2014,Missing/Unknown,"55,760",13%
2015,Missing/Unknown,"66,319",14%
2016,Missing/Unknown,"77,897",15%
2017,Missing/Unknown,"81,484",14%
2018,Missing/Unknown,"82,473",13%
2019,Missing/Unknown,"76,034",12%
