Year,Race/Hispanic Ethnicity,Cases,Population,Rate
2015,American Indian or Alaska Native,"16,749","2,369,834",706.8
2016,American Indian or Alaska Native,"17,768","2,387,421",744.2
2017,American Indian or Alaska Native,"18,651","2,403,292",776.1
2018,American Indian or Alaska Native,"18,861","2,417,371",780.2
2019,American Indian or Alaska Native,"18,371","2,417,371",760.0
2015,Asian,"19,386","17,416,714",111.3
2016,Asian,"20,781","17,741,457",117.1
2017,Asian,"22,997","18,398,646",125.0
2018,Asian,"24,312","18,728,675",129.8
2019,Asian,"24,053","18,728,675",128.4
2015,Black or African American,"433,703","39,925,949","1,086.3"
2016,Black or African American,"449,517","40,229,236","1,117.4"
2017,Black or African American,"473,032","40,652,365","1,163.6"
2018,Black or African American,"484,785","40,902,223","1,185.2"
2019,Black or African American,"504,409","40,902,223","1,233.2"
2015,Hispanic or Latino,"206,285","56,592,793",364.5
2016,Hispanic or Latino,"212,027","57,470,287",368.9
2017,Hispanic or Latino,"232,231","58,946,729",394.0
2018,Hispanic or Latino,"231,398","59,871,746",386.5
2019,Hispanic or Latino,"231,908","59,871,746",387.3
2015,Native Hawaiian or Other Pacific Islander,"3,452","559,682",616.8
2016,Native Hawaiian or Other Pacific Islander,"3,657","567,208",644.7
2017,Native Hawaiian or Other Pacific Islander,"4,058","576,773",703.6
2018,Native Hawaiian or Other Pacific Islander,"4,042","586,346",689.4
2019,Native Hawaiian or Other Pacific Islander,"4,300","586,346",733.4
2015,Two or More Races,"8,126","6,583,036",123.4
2016,Two or More Races,"9,887","6,762,296",146.2
2017,Two or More Races,"11,019","6,938,290",158.8
2018,Two or More Races,"12,828","7,114,666",180.3
2019,Two or More Races,"16,438","7,114,666",231.0
2015,White,"371,476","197,970,812",187.6
2016,White,"395,617","197,969,608",199.8
2017,White,"418,395","197,803,083",211.5
2018,White,"419,627","197,546,407",212.4
2019,White,"414,291","197,546,407",209.7
