STD,Week,Percent
Chlamydia,1,99.7
Chlamydia,2,102.8
Chlamydia,3,101.2
Chlamydia,4,103.2
Chlamydia,5,106.7
Chlamydia,6,99.7
Chlamydia,7,102.6
Chlamydia,8,107.6
Chlamydia,9,100.2
Chlamydia,10,101.2
Chlamydia,11,97
Chlamydia,12,73.6
Chlamydia,13,59.2
Chlamydia,14,53.1
Chlamydia,15,49.2
Chlamydia,16,54.6
Chlamydia,17,57.7
Chlamydia,18,58.8
Chlamydia,19,65.4
Chlamydia,20,68.7
Chlamydia,21,74.1
Chlamydia,22,77
Chlamydia,23,79.7
Chlamydia,24,84.6
Chlamydia,25,86.9
Chlamydia,26,87.3
Chlamydia,27,96.5
Chlamydia,28,84.9
Chlamydia,29,87.6
Chlamydia,30,88.1
Chlamydia,31,84.3
Chlamydia,32,87.2
Chlamydia,33,88.3
Chlamydia,34,90.7
Chlamydia,35,88.7
Chlamydia,36,110.2
Chlamydia,37,73.8
Chlamydia,38,90.2
Chlamydia,39,92
Chlamydia,40,90.7
Chlamydia,41,94.6
Chlamydia,42,92.3
Chlamydia,43,93
Chlamydia,44,90.2
Chlamydia,45,89.5
Chlamydia,46,89.8
Chlamydia,47,87.4
Chlamydia,48,89.4
Chlamydia,49,89
Chlamydia,50,90.7
Chlamydia,51,89.2
Chlamydia,52,101
