STD,Year,Rate
Chlamydia,1984,6.5
Chlamydia,1985,17.4
Chlamydia,1986,35.2
Chlamydia,1987,50.8
Chlamydia,1988,87.1
Chlamydia,1989,102.5
Chlamydia,1990,160.2
Chlamydia,1991,179.7
Chlamydia,1992,182.3
Chlamydia,1993,178
Chlamydia,1994,192.5
Chlamydia,1995,187.8
Chlamydia,1996,190.6
Chlamydia,1997,205.5
Chlamydia,1998,231.8
Chlamydia,1999,247.2
Chlamydia,2000,251.4
Chlamydia,2001,274.5
Chlamydia,2002,289.4
Chlamydia,2003,301.7
Chlamydia,2004,316.5
Chlamydia,2005,329.4
Chlamydia,2006,344.3
Chlamydia,2007,367.5
Chlamydia,2008,398.1
Chlamydia,2009,405.3
Chlamydia,2010,423.6
Chlamydia,2011,453.4
Chlamydia,2012,453.3
Chlamydia,2013,443.5
Chlamydia,2014,452.2
Chlamydia,2015,475
Chlamydia,2016,494.7
Chlamydia,2017,524.6
Chlamydia,2018,537.5
Chlamydia,2019,551
Chlamydia,2020,481.3
