STD,Year,Sex,Rate
Chlamydia,2011,Men,254.4
Chlamydia,2011,Women,643.4
Chlamydia,2011,Total,453.4
Chlamydia,2012,Men,260.6
Chlamydia,2012,Women,638.7
Chlamydia,2012,Total,453.3
Chlamydia,2013,Men,260.6
Chlamydia,2013,Women,619
Chlamydia,2013,Total,443.5
Chlamydia,2014,Men,276.1
Chlamydia,2014,Women,621.6
Chlamydia,2014,Total,452.2
Chlamydia,2015,Men,302.7
Chlamydia,2015,Women,640.4
Chlamydia,2015,Total,475
Chlamydia,2016,Men,328.7
Chlamydia,2016,Women,653.9
Chlamydia,2016,Total,494.7
Chlamydia,2017,Men,360.1
Chlamydia,2017,Women,682.1
Chlamydia,2017,Total,524.6
Chlamydia,2018,Men,378.9
Chlamydia,2018,Women,689.6
Chlamydia,2018,Total,537.5
Chlamydia,2019,Men,398.6
Chlamydia,2019,Women,696.6
Chlamydia,2019,Total,551
Chlamydia,2020,Men,339.4
Chlamydia,2020,Women,616.5
Chlamydia,2020,Total,481.3
