STD,Year,Region,Rate
Chlamydia,2011,Northeast,414.3
Chlamydia,2011,Midwest,444.2
Chlamydia,2011,South,498.8
Chlamydia,2011,West,419.5
Chlamydia,2012,Northeast,416
Chlamydia,2012,Midwest,451
Chlamydia,2012,South,491.8
Chlamydia,2012,West,422.3
Chlamydia,2013,Northeast,402
Chlamydia,2013,Midwest,437.5
Chlamydia,2013,South,480.5
Chlamydia,2013,West,421.1
Chlamydia,2014,Northeast,405.3
Chlamydia,2014,Midwest,447.6
Chlamydia,2014,South,486.6
Chlamydia,2014,West,436.4
Chlamydia,2015,Northeast,424.9
Chlamydia,2015,Midwest,463.7
Chlamydia,2015,South,514.4
Chlamydia,2015,West,459.2
Chlamydia,2016,Northeast,455.2
Chlamydia,2016,Midwest,487.2
Chlamydia,2016,South,524.8
Chlamydia,2016,West,482
Chlamydia,2017,Northeast,481.1
Chlamydia,2017,Midwest,512.6
Chlamydia,2017,South,554.4
Chlamydia,2017,West,519.2
Chlamydia,2018,Northeast,495.3
Chlamydia,2018,Midwest,523
Chlamydia,2018,South,560.2
Chlamydia,2018,West,544.4
Chlamydia,2019,Northeast,510.6
Chlamydia,2019,Midwest,540
Chlamydia,2019,South,570.1
Chlamydia,2019,West,559.1
Chlamydia,2020,Northeast,413.5
Chlamydia,2020,Midwest,487.4
Chlamydia,2020,South,529.1
Chlamydia,2020,West,447.9
