Year,Reporting Source,Cases,Percent
2010,Private Physician/HMO,"315,085",33%
2011,Private Physician/HMO,"341,616",33%
2012,Private Physician/HMO,"347,441",34%
2013,Private Physician/HMO,"330,276",33%
2014,Private Physician/HMO,"338,940",34%
2015,Private Physician/HMO,"343,588",33%
2016,Private Physician/HMO,"359,397",33%
2017,Private Physician/HMO,"356,677",31%
2018,Private Physician/HMO,"353,746",31%
2019,Private Physician/HMO,"357,609",31%
2010,Hospital (Other),"75,568",8%
2011,Hospital (Other),"85,052",8%
2012,Hospital (Other),"85,595",8%
2013,Hospital (Other),"84,557",8%
2014,Hospital (Other),"92,306",9%
2015,Hospital (Other),"90,029",9%
2016,Hospital (Other),"100,825",9%
2017,Hospital (Other),"105,587",9%
2018,Hospital (Other),"106,933",9%
2019,Hospital (Other),"100,748",9%
2010,Laboratory,"31,540",3%
2011,Laboratory,"42,349",4%
2012,Laboratory,"44,774",4%
2013,Laboratory,"46,894",5%
2014,Laboratory,"44,428",4%
2015,Laboratory,"56,781",5%
2016,Laboratory,"59,871",6%
2017,Laboratory,"79,932",7%
2018,Laboratory,"90,494",8%
2019,Laboratory,"77,013",7%
2010,Family Planning,"109,552",11%
2011,Family Planning,"116,332",11%
2012,Family Planning,"117,308",11%
2013,Family Planning,"108,484",11%
2014,Family Planning,"98,781",10%
2015,Family Planning,"91,624",9%
2016,Family Planning,"90,049",8%
2017,Family Planning,"82,376",7%
2018,Family Planning,"77,913",7%
2019,Family Planning,"73,503",6%
2010,Emergency Room,"28,341",3%
2011,Emergency Room,"32,620",3%
2012,Emergency Room,"33,473",3%
2013,Emergency Room,"33,544",3%
2014,Emergency Room,"32,423",3%
2015,Emergency Room,"32,977",3%
2016,Emergency Room,"32,710",3%
2017,Emergency Room,"34,611",3%
2018,Emergency Room,"41,906",4%
2019,Emergency Room,"55,023",5%
2010,All Other,"307,119",32%
2011,All Other,"314,169",31%
2012,All Other,"304,539",30%
2013,All Other,"294,604",30%
2014,All Other,"275,838",27%
2015,All Other,"294,258",28%
2016,All Other,"279,302",26%
2017,All Other,"312,911",28%
2018,All Other,"326,511",28%
2019,All Other,"366,956",32%
2010,Missing/Unknown,"87,475",9%
2011,Missing/Unknown,"90,942",9%
2012,Missing/Unknown,"90,244",9%
2013,Missing/Unknown,"99,755",10%
2014,Missing/Unknown,"127,495",13%
2015,Missing/Unknown,"139,836",13%
2016,Missing/Unknown,"156,116",14%
2017,Missing/Unknown,"160,259",14%
2018,Missing/Unknown,"152,257",13%
2019,Missing/Unknown,"133,315",11%
