STD,Year,Race,Rate
Chlamydia,2016,AI/AN,744.2
Chlamydia,2016,Asian,117.1
Chlamydia,2016,Black/AA,1117.4
Chlamydia,2016,Hispanic/Latino,368.9
Chlamydia,2016,NH/PI,644.7
Chlamydia,2016,White,199.8
Chlamydia,2016,Multiracial,146.2
Chlamydia,2017,AI/AN,776.1
Chlamydia,2017,Asian,125
Chlamydia,2017,Black/AA,1163.6
Chlamydia,2017,Hispanic/Latino,394
Chlamydia,2017,NH/PI,703.6
Chlamydia,2017,White,211.5
Chlamydia,2017,Multiracial,158.8
Chlamydia,2018,AI/AN,780.2
Chlamydia,2018,Asian,129.8
Chlamydia,2018,Black/AA,1185.2
Chlamydia,2018,Hispanic/Latino,386.5
Chlamydia,2018,NH/PI,689.4
Chlamydia,2018,White,212.4
Chlamydia,2018,Multiracial,180.3
Chlamydia,2019,AI/AN,754.5
Chlamydia,2019,Asian,127.2
Chlamydia,2019,Black/AA,1225.9
Chlamydia,2019,Hispanic/Latino,382.9
Chlamydia,2019,NH/PI,721.6
Chlamydia,2019,White,210
Chlamydia,2019,Multiracial,226
Chlamydia,2020,AI/AN,612.6
Chlamydia,2020,Asian,87.6
Chlamydia,2020,Black/AA,1086.3
Chlamydia,2020,Hispanic/Latino,312
Chlamydia,2020,NH/PI,567.9
Chlamydia,2020,White,178.6
Chlamydia,2020,Multiracial,246
