Year,STD,Specimen Source(s),Cases,Live Births,Rate
2015,Chlamydia,Eye or conjunctiva,82,"3,978,497",2.1
2016,Chlamydia,Eye or conjunctiva,83,"3,945,875",2.1
2017,Chlamydia,Eye or conjunctiva,89,"3,855,500",2.3
2018,Chlamydia,Eye or conjunctiva,64,"3,855,500",1.7
2019,Chlamydia,Eye or conjunctiva,59,"3,855,500",1.5
2015,Gonorrhea,Eye or conjunctiva,10,"3,978,497",0.3
2016,Gonorrhea,Eye or conjunctiva,13,"3,945,875",0.3
2017,Gonorrhea,Eye or conjunctiva,17,"3,855,500",0.4
2018,Gonorrhea,Eye or conjunctiva,16,"3,855,500",0.4
2019,Gonorrhea,Eye or conjunctiva,15,"3,855,500",0.4
2015,Chlamydia,"Eye, conjunctiva, missing, unknown, or other",283,"3,978,497",7.1
2016,Chlamydia,"Eye, conjunctiva, missing, unknown, or other",280,"3,945,875",7.1
2017,Chlamydia,"Eye, conjunctiva, missing, unknown, or other",294,"3,855,500",7.6
2018,Chlamydia,"Eye, conjunctiva, missing, unknown, or other",262,"3,855,500",6.8
2019,Chlamydia,"Eye, conjunctiva, missing, unknown, or other",215,"3,855,500",5.6
2015,Gonorrhea,"Eye, conjunctiva, missing, unknown, or other",45,"3,978,497",1.1
2016,Gonorrhea,"Eye, conjunctiva, missing, unknown, or other",58,"3,945,875",1.5
2017,Gonorrhea,"Eye, conjunctiva, missing, unknown, or other",55,"3,855,500",1.4
2018,Gonorrhea,"Eye, conjunctiva, missing, unknown, or other",54,"3,855,500",1.4
2019,Gonorrhea,"Eye, conjunctiva, missing, unknown, or other",63,"3,855,500",1.6
