Year,Vital Status and Clinical Signs and Symptoms,Cases
2015,Stillbirth,29
2016,Stillbirth,44
2017,Stillbirth,68
2018,Stillbirth,79
2019,Stillbirth,94
2015,Infant death,7
2016,Infant death,4
2017,Infant death,12
2018,Infant death,15
2019,Infant death,34
2015,"Alive, signs/symptoms",223
2016,"Alive, signs/symptoms",293
2017,"Alive, signs/symptoms",335
2018,"Alive, signs/symptoms",434
2019,"Alive, signs/symptoms",712
2015,"Alive, no documented signs/symptoms",233
2016,"Alive, no documented signs/symptoms",300
2017,"Alive, no documented signs/symptoms",524
2018,"Alive, no documented signs/symptoms",782
2019,"Alive, no documented signs/symptoms","1,025"
