STD,Year,Race and Hispanic Ethnicity of Mother,Rate
Congenital syphilis,2016,AI/AN,37.7
Congenital syphilis,2016,Asian,6.6
Congenital syphilis,2016,Black/AA,46.7
Congenital syphilis,2016,Hispanic/Latino,20.6
Congenital syphilis,2016,NH/PI,84.1
Congenital syphilis,2016,White,5.9
Congenital syphilis,2016,Multiracial,2.5
Congenital syphilis,2017,AI/AN,46.2
Congenital syphilis,2017,Asian,2.4
Congenital syphilis,2017,Black/AA,64.1
Congenital syphilis,2017,Hispanic/Latino,34.4
Congenital syphilis,2017,NH/PI,62.4
Congenital syphilis,2017,White,10.6
Congenital syphilis,2017,Multiracial,2.4
Congenital syphilis,2018,AI/AN,98.4
Congenital syphilis,2018,Asian,4.5
Congenital syphilis,2018,Black/AA,92.7
Congenital syphilis,2018,Hispanic/Latino,46.6
Congenital syphilis,2018,NH/PI,154.2
Congenital syphilis,2018,White,14.7
Congenital syphilis,2018,Multiracial,5.9
Congenital syphilis,2019,AI/AN,187.1
Congenital syphilis,2019,Asian,9.8
Congenital syphilis,2019,Black/AA,114.5
Congenital syphilis,2019,Hispanic/Latino,65.8
Congenital syphilis,2019,NH/PI,108.5
Congenital syphilis,2019,White,23.5
Congenital syphilis,2019,Multiracial,23.6
Congenital syphilis,2020,AI/AN,190.6
Congenital syphilis,2020,Asian,5.3
Congenital syphilis,2020,Black/AA,134.9
Congenital syphilis,2020,Hispanic/Latino,71.9
Congenital syphilis,2020,NH/PI,187.4
Congenital syphilis,2020,White,27.5
Congenital syphilis,2020,Multiracial,29.5
