STD,Year,Category,Cases
Congenital syphilis,2016,No timely prenatal care or syphilis testing,213
Congenital syphilis,2016,Timely prenatal care but no syphilis testing,58
Congenital syphilis,2016,Timely syphilis testing but no adequate maternal treatment,140
Congenital syphilis,2016,Late identification of seroconversion during pregnancy,87
Congenital syphilis,2016,Evidence of CS despite maternal treatment,28
Congenital syphilis,2017,No timely prenatal care or syphilis testing,299
Congenital syphilis,2017,Timely prenatal care but no syphilis testing,77
Congenital syphilis,2017,Timely syphilis testing but no adequate maternal treatment,234
Congenital syphilis,2017,Late identification of seroconversion during pregnancy,105
Congenital syphilis,2017,Evidence of CS despite maternal treatment,31
Congenital syphilis,2018,No timely prenatal care or syphilis testing,370
Congenital syphilis,2018,Timely prenatal care but no syphilis testing,126
Congenital syphilis,2018,Timely syphilis testing but no adequate maternal treatment,403
Congenital syphilis,2018,Late identification of seroconversion during pregnancy,115
Congenital syphilis,2018,Evidence of CS despite maternal treatment,44
Congenital syphilis,2019,No timely prenatal care or syphilis testing,552
Congenital syphilis,2019,Timely prenatal care but no syphilis testing,114
Congenital syphilis,2019,Timely syphilis testing but no adequate maternal treatment,614
Congenital syphilis,2019,Late identification of seroconversion during pregnancy,116
Congenital syphilis,2019,Evidence of CS despite maternal treatment,82
Congenital syphilis,2020,No timely prenatal care or syphilis testing,639
Congenital syphilis,2020,Timely prenatal care but no syphilis testing,117
Congenital syphilis,2020,Timely syphilis testing but no adequate maternal treatment,589
Congenital syphilis,2020,Late identification of seroconversion during pregnancy,117
Congenital syphilis,2020,Evidence of CS despite maternal treatment,92
