STD,Year,State Name,State USPS,State FIPS,Rate,Rate Category
Congenital syphilis,2011,Alabama,AL,01,17,?1 case
Congenital syphilis,2011,Alaska,AK,02,0,No cases
Congenital syphilis,2011,Arizona,AZ,04,18,?1 case
Congenital syphilis,2011,Arkansas,AR,05,39,?1 case
Congenital syphilis,2011,California,CA,06,8,?1 case
Congenital syphilis,2011,Colorado,CO,08,0,No cases
Congenital syphilis,2011,Connecticut,CT,09,0,No cases
Congenital syphilis,2011,Delaware,DE,10,0,No cases
Congenital syphilis,2011,District of Columbia,DC,11,11,?1 case
Congenital syphilis,2011,Florida,FL,12,15,?1 case
Congenital syphilis,2011,Georgia,GA,13,8,?1 case
Congenital syphilis,2011,Hawaii,HI,15,0,No cases
Congenital syphilis,2011,Idaho,ID,16,0,No cases
Congenital syphilis,2011,Illinois,IL,17,11,?1 case
Congenital syphilis,2011,Indiana,IN,18,0,No cases
Congenital syphilis,2011,Iowa,IA,19,0,No cases
Congenital syphilis,2011,Kansas,KS,20,0,No cases
Congenital syphilis,2011,Kentucky,KY,21,4,?1 case
Congenital syphilis,2011,Louisiana,LA,22,29,?1 case
Congenital syphilis,2011,Maine,ME,23,0,No cases
Congenital syphilis,2011,Maryland,MD,24,33,?1 case
Congenital syphilis,2011,Massachusetts,MA,25,0,No cases
Congenital syphilis,2011,Michigan,MI,26,7,?1 case
Congenital syphilis,2011,Minnesota,MN,27,0,No cases
Congenital syphilis,2011,Mississippi,MS,28,15,?1 case
Congenital syphilis,2011,Missouri,MO,29,1,?1 case
Congenital syphilis,2011,Montana,MT,30,0,No cases
Congenital syphilis,2011,Nebraska,NE,31,0,No cases
Congenital syphilis,2011,Nevada,NV,32,8,?1 case
Congenital syphilis,2011,New Hampshire,NH,33,0,No cases
Congenital syphilis,2011,New Jersey,NJ,34,5,?1 case
Congenital syphilis,2011,New Mexico,NM,35,0,No cases
Congenital syphilis,2011,New York,NY,36,5,?1 case
Congenital syphilis,2011,North Carolina,NC,37,5,?1 case
Congenital syphilis,2011,North Dakota,ND,38,0,No cases
Congenital syphilis,2011,Ohio,OH,39,9,?1 case
Congenital syphilis,2011,Oklahoma,OK,40,4,?1 case
Congenital syphilis,2011,Oregon,OR,41,0,No cases
Congenital syphilis,2011,Pennsylvania,PA,42,3,?1 case
Congenital syphilis,2011,Rhode Island,RI,44,0,No cases
Congenital syphilis,2011,South Carolina,SC,45,0,No cases
Congenital syphilis,2011,South Dakota,SD,46,0,No cases
Congenital syphilis,2011,Tennessee,TN,47,10,?1 case
Congenital syphilis,2011,Texas,TX,48,26,?1 case
Congenital syphilis,2011,Utah,UT,49,0,No cases
Congenital syphilis,2011,Vermont,VT,50,0,No cases
Congenital syphilis,2011,Virginia,VA,51,0,No cases
Congenital syphilis,2011,Washington,WA,53,2,?1 case
Congenital syphilis,2011,West Virginia,WV,54,0,No cases
Congenital syphilis,2011,Wisconsin,WI,55,1,?1 case
Congenital syphilis,2011,Wyoming,WY,56,0,No cases
Congenital syphilis,2011,Guam,GU,66,0,No cases
Congenital syphilis,2011,Puerto Rico,PR,72,5,?1 case
Congenital syphilis,2011,US Virgin Islands,VI,78,0,No cases
Congenital syphilis,2011,American Samoa,AS,60,NA,Unavailable
Congenital syphilis,2011,Northern Mariana Islands,MP,69,NA,Unavailable
Congenital syphilis,2012,Alabama,AL,01,7,?1 case
Congenital syphilis,2012,Alaska,AK,02,9,?1 case
Congenital syphilis,2012,Arizona,AZ,04,16,?1 case
Congenital syphilis,2012,Arkansas,AR,05,29,?1 case
Congenital syphilis,2012,California,CA,06,7,?1 case
Congenital syphilis,2012,Colorado,CO,08,0,No cases
Congenital syphilis,2012,Connecticut,CT,09,0,No cases
Congenital syphilis,2012,Delaware,DE,10,9,?1 case
Congenital syphilis,2012,District of Columbia,DC,11,0,No cases
Congenital syphilis,2012,Florida,FL,12,17,?1 case
Congenital syphilis,2012,Georgia,GA,13,12,?1 case
Congenital syphilis,2012,Hawaii,HI,15,0,No cases
Congenital syphilis,2012,Idaho,ID,16,4,?1 case
Congenital syphilis,2012,Illinois,IL,17,18,?1 case
Congenital syphilis,2012,Indiana,IN,18,0,No cases
Congenital syphilis,2012,Iowa,IA,19,0,No cases
Congenital syphilis,2012,Kansas,KS,20,0,No cases
Congenital syphilis,2012,Kentucky,KY,21,4,?1 case
Congenital syphilis,2012,Louisiana,LA,22,53,?1 case
Congenital syphilis,2012,Maine,ME,23,0,No cases
Congenital syphilis,2012,Maryland,MD,24,16,?1 case
Congenital syphilis,2012,Massachusetts,MA,25,1,?1 case
Congenital syphilis,2012,Michigan,MI,26,6,?1 case
Congenital syphilis,2012,Minnesota,MN,27,1,?1 case
Congenital syphilis,2012,Mississippi,MS,28,0,No cases
Congenital syphilis,2012,Missouri,MO,29,1,?1 case
Congenital syphilis,2012,Montana,MT,30,0,No cases
Congenital syphilis,2012,Nebraska,NE,31,4,?1 case
Congenital syphilis,2012,Nevada,NV,32,3,?1 case
Congenital syphilis,2012,New Hampshire,NH,33,8,?1 case
Congenital syphilis,2012,New Jersey,NJ,34,1,?1 case
Congenital syphilis,2012,New Mexico,NM,35,4,?1 case
Congenital syphilis,2012,New York,NY,36,3,?1 case
Congenital syphilis,2012,North Carolina,NC,37,2,?1 case
Congenital syphilis,2012,North Dakota,ND,38,0,No cases
Congenital syphilis,2012,Ohio,OH,39,14,?1 case
Congenital syphilis,2012,Oklahoma,OK,40,0,No cases
Congenital syphilis,2012,Oregon,OR,41,2,?1 case
Congenital syphilis,2012,Pennsylvania,PA,42,4,?1 case
Congenital syphilis,2012,Rhode Island,RI,44,0,No cases
Congenital syphilis,2012,South Carolina,SC,45,12,?1 case
Congenital syphilis,2012,South Dakota,SD,46,0,No cases
Congenital syphilis,2012,Tennessee,TN,47,2,?1 case
Congenital syphilis,2012,Texas,TX,48,20,?1 case
Congenital syphilis,2012,Utah,UT,49,0,No cases
Congenital syphilis,2012,Vermont,VT,50,0,No cases
Congenital syphilis,2012,Virginia,VA,51,1,?1 case
Congenital syphilis,2012,Washington,WA,53,0,No cases
Congenital syphilis,2012,West Virginia,WV,54,0,No cases
Congenital syphilis,2012,Wisconsin,WI,55,0,No cases
Congenital syphilis,2012,Wyoming,WY,56,0,No cases
Congenital syphilis,2012,Guam,GU,66,0,No cases
Congenital syphilis,2012,Puerto Rico,PR,72,3,?1 case
Congenital syphilis,2012,US Virgin Islands,VI,78,0,No cases
Congenital syphilis,2012,American Samoa,AS,60,NA,Unavailable
Congenital syphilis,2012,Northern Mariana Islands,MP,69,NA,Unavailable
Congenital syphilis,2013,Alabama,AL,01,3,?1 case
Congenital syphilis,2013,Alaska,AK,02,9,?1 case
Congenital syphilis,2013,Arizona,AZ,04,16,?1 case
Congenital syphilis,2013,Arkansas,AR,05,32,?1 case
Congenital syphilis,2013,California,CA,06,12,?1 case
Congenital syphilis,2013,Colorado,CO,08,0,No cases
Congenital syphilis,2013,Connecticut,CT,09,0,No cases
Congenital syphilis,2013,Delaware,DE,10,9,?1 case
Congenital syphilis,2013,District of Columbia,DC,11,22,?1 case
Congenital syphilis,2013,Florida,FL,12,16,?1 case
Congenital syphilis,2013,Georgia,GA,13,16,?1 case
Congenital syphilis,2013,Hawaii,HI,15,0,No cases
Congenital syphilis,2013,Idaho,ID,16,0,No cases
Congenital syphilis,2013,Illinois,IL,17,15,?1 case
Congenital syphilis,2013,Indiana,IN,18,0,No cases
Congenital syphilis,2013,Iowa,IA,19,0,No cases
Congenital syphilis,2013,Kansas,KS,20,0,No cases
Congenital syphilis,2013,Kentucky,KY,21,7,?1 case
Congenital syphilis,2013,Louisiana,LA,22,63,?1 case
Congenital syphilis,2013,Maine,ME,23,0,No cases
Congenital syphilis,2013,Maryland,MD,24,19,?1 case
Congenital syphilis,2013,Massachusetts,MA,25,6,?1 case
Congenital syphilis,2013,Michigan,MI,26,8,?1 case
Congenital syphilis,2013,Minnesota,MN,27,0,No cases
Congenital syphilis,2013,Mississippi,MS,28,0,No cases
Congenital syphilis,2013,Missouri,MO,29,4,?1 case
Congenital syphilis,2013,Montana,MT,30,0,No cases
Congenital syphilis,2013,Nebraska,NE,31,0,No cases
Congenital syphilis,2013,Nevada,NV,32,6,?1 case
Congenital syphilis,2013,New Hampshire,NH,33,0,No cases
Congenital syphilis,2013,New Jersey,NJ,34,0,No cases
Congenital syphilis,2013,New Mexico,NM,35,8,?1 case
Congenital syphilis,2013,New York,NY,36,5,?1 case
Congenital syphilis,2013,North Carolina,NC,37,3,?1 case
Congenital syphilis,2013,North Dakota,ND,38,0,No cases
Congenital syphilis,2013,Ohio,OH,39,13,?1 case
Congenital syphilis,2013,Oklahoma,OK,40,0,No cases
Congenital syphilis,2013,Oregon,OR,41,0,No cases
Congenital syphilis,2013,Pennsylvania,PA,42,2,?1 case
Congenital syphilis,2013,Rhode Island,RI,44,0,No cases
Congenital syphilis,2013,South Carolina,SC,45,2,?1 case
Congenital syphilis,2013,South Dakota,SD,46,0,No cases
Congenital syphilis,2013,Tennessee,TN,47,3,?1 case
Congenital syphilis,2013,Texas,TX,48,19,?1 case
Congenital syphilis,2013,Utah,UT,49,0,No cases
Congenital syphilis,2013,Vermont,VT,50,0,No cases
Congenital syphilis,2013,Virginia,VA,51,3,?1 case
Congenital syphilis,2013,Washington,WA,53,0,No cases
Congenital syphilis,2013,West Virginia,WV,54,0,No cases
Congenital syphilis,2013,Wisconsin,WI,55,0,No cases
Congenital syphilis,2013,Wyoming,WY,56,0,No cases
Congenital syphilis,2013,Guam,GU,66,30,?1 case
Congenital syphilis,2013,Puerto Rico,PR,72,5,?1 case
Congenital syphilis,2013,US Virgin Islands,VI,78,0,No cases
Congenital syphilis,2013,American Samoa,AS,60,NA,Unavailable
Congenital syphilis,2013,Northern Mariana Islands,MP,69,NA,Unavailable
Congenital syphilis,2014,Alabama,AL,01,5,?1 case
Congenital syphilis,2014,Alaska,AK,02,0,No cases
Congenital syphilis,2014,Arizona,AZ,04,15,?1 case
Congenital syphilis,2014,Arkansas,AR,05,18,?1 case
Congenital syphilis,2014,California,CA,06,20,?1 case
Congenital syphilis,2014,Colorado,CO,08,0,No cases
Congenital syphilis,2014,Connecticut,CT,09,0,No cases
Congenital syphilis,2014,Delaware,DE,10,0,No cases
Congenital syphilis,2014,District of Columbia,DC,11,0,No cases
Congenital syphilis,2014,Florida,FL,12,22,?1 case
Congenital syphilis,2014,Georgia,GA,13,13,?1 case
Congenital syphilis,2014,Hawaii,HI,15,0,No cases
Congenital syphilis,2014,Idaho,ID,16,0,No cases
Congenital syphilis,2014,Illinois,IL,17,17,?1 case
Congenital syphilis,2014,Indiana,IN,18,10,?1 case
Congenital syphilis,2014,Iowa,IA,19,3,?1 case
Congenital syphilis,2014,Kansas,KS,20,0,No cases
Congenital syphilis,2014,Kentucky,KY,21,5,?1 case
Congenital syphilis,2014,Louisiana,LA,22,71,?1 case
Congenital syphilis,2014,Maine,ME,23,0,No cases
Congenital syphilis,2014,Maryland,MD,24,22,?1 case
Congenital syphilis,2014,Massachusetts,MA,25,4,?1 case
Congenital syphilis,2014,Michigan,MI,26,13,?1 case
Congenital syphilis,2014,Minnesota,MN,27,0,No cases
Congenital syphilis,2014,Mississippi,MS,28,3,?1 case
Congenital syphilis,2014,Missouri,MO,29,1,?1 case
Congenital syphilis,2014,Montana,MT,30,0,No cases
Congenital syphilis,2014,Nebraska,NE,31,4,?1 case
Congenital syphilis,2014,Nevada,NV,32,14,?1 case
Congenital syphilis,2014,New Hampshire,NH,33,0,No cases
Congenital syphilis,2014,New Jersey,NJ,34,0,No cases
Congenital syphilis,2014,New Mexico,NM,35,4,?1 case
Congenital syphilis,2014,New York,NY,36,9,?1 case
Congenital syphilis,2014,North Carolina,NC,37,5,?1 case
Congenital syphilis,2014,North Dakota,ND,38,0,No cases
Congenital syphilis,2014,Ohio,OH,39,11,?1 case
Congenital syphilis,2014,Oklahoma,OK,40,11,?1 case
Congenital syphilis,2014,Oregon,OR,41,4,?1 case
Congenital syphilis,2014,Pennsylvania,PA,42,3,?1 case
Congenital syphilis,2014,Rhode Island,RI,44,0,No cases
Congenital syphilis,2014,South Carolina,SC,45,9,?1 case
Congenital syphilis,2014,South Dakota,SD,46,24,?1 case
Congenital syphilis,2014,Tennessee,TN,47,2,?1 case
Congenital syphilis,2014,Texas,TX,48,19,?1 case
Congenital syphilis,2014,Utah,UT,49,0,No cases
Congenital syphilis,2014,Vermont,VT,50,0,No cases
Congenital syphilis,2014,Virginia,VA,51,2,?1 case
Congenital syphilis,2014,Washington,WA,53,2,?1 case
Congenital syphilis,2014,West Virginia,WV,54,0,No cases
Congenital syphilis,2014,Wisconsin,WI,55,0,No cases
Congenital syphilis,2014,Wyoming,WY,56,0,No cases
Congenital syphilis,2014,Guam,GU,66,0,No cases
Congenital syphilis,2014,Puerto Rico,PR,72,0,No cases
Congenital syphilis,2014,US Virgin Islands,VI,78,0,No cases
Congenital syphilis,2014,American Samoa,AS,60,NA,Unavailable
Congenital syphilis,2014,Northern Mariana Islands,MP,69,NA,Unavailable
Congenital syphilis,2015,Alabama,AL,01,5,?1 case
Congenital syphilis,2015,Alaska,AK,02,0,No cases
Congenital syphilis,2015,Arizona,AZ,04,16,?1 case
Congenital syphilis,2015,Arkansas,AR,05,13,?1 case
Congenital syphilis,2015,California,CA,06,28,?1 case
Congenital syphilis,2015,Colorado,CO,08,0,No cases
Congenital syphilis,2015,Connecticut,CT,09,3,?1 case
Congenital syphilis,2015,Delaware,DE,10,9,?1 case
Congenital syphilis,2015,District of Columbia,DC,11,10,?1 case
Congenital syphilis,2015,Florida,FL,12,18,?1 case
Congenital syphilis,2015,Georgia,GA,13,16,?1 case
Congenital syphilis,2015,Hawaii,HI,15,11,?1 case
Congenital syphilis,2015,Idaho,ID,16,0,No cases
Congenital syphilis,2015,Illinois,IL,17,20,?1 case
Congenital syphilis,2015,Indiana,IN,18,6,?1 case
Congenital syphilis,2015,Iowa,IA,19,0,No cases
Congenital syphilis,2015,Kansas,KS,20,0,No cases
Congenital syphilis,2015,Kentucky,KY,21,2,?1 case
Congenital syphilis,2015,Louisiana,LA,22,83,?1 case
Congenital syphilis,2015,Maine,ME,23,0,No cases
Congenital syphilis,2015,Maryland,MD,24,24,?1 case
Congenital syphilis,2015,Massachusetts,MA,25,6,?1 case
Congenital syphilis,2015,Michigan,MI,26,10,?1 case
Congenital syphilis,2015,Minnesota,MN,27,3,?1 case
Congenital syphilis,2015,Mississippi,MS,28,0,No cases
Congenital syphilis,2015,Missouri,MO,29,5,?1 case
Congenital syphilis,2015,Montana,MT,30,0,No cases
Congenital syphilis,2015,Nebraska,NE,31,0,No cases
Congenital syphilis,2015,Nevada,NV,32,22,?1 case
Congenital syphilis,2015,New Hampshire,NH,33,0,No cases
Congenital syphilis,2015,New Jersey,NJ,34,0,No cases
Congenital syphilis,2015,New Mexico,NM,35,8,?1 case
Congenital syphilis,2015,New York,NY,36,5,?1 case
Congenital syphilis,2015,North Carolina,NC,37,7,?1 case
Congenital syphilis,2015,North Dakota,ND,38,0,No cases
Congenital syphilis,2015,Ohio,OH,39,12,?1 case
Congenital syphilis,2015,Oklahoma,OK,40,13,?1 case
Congenital syphilis,2015,Oregon,OR,41,13,?1 case
Congenital syphilis,2015,Pennsylvania,PA,42,5,?1 case
Congenital syphilis,2015,Rhode Island,RI,44,0,No cases
Congenital syphilis,2015,South Carolina,SC,45,5,?1 case
Congenital syphilis,2015,South Dakota,SD,46,0,No cases
Congenital syphilis,2015,Tennessee,TN,47,6,?1 case
Congenital syphilis,2015,Texas,TX,48,13,?1 case
Congenital syphilis,2015,Utah,UT,49,0,No cases
Congenital syphilis,2015,Vermont,VT,50,0,No cases
Congenital syphilis,2015,Virginia,VA,51,3,?1 case
Congenital syphilis,2015,Washington,WA,53,6,?1 case
Congenital syphilis,2015,West Virginia,WV,54,0,No cases
Congenital syphilis,2015,Wisconsin,WI,55,0,No cases
Congenital syphilis,2015,Wyoming,WY,56,0,No cases
Congenital syphilis,2015,Guam,GU,66,59,?1 case
Congenital syphilis,2015,Puerto Rico,PR,72,16,?1 case
Congenital syphilis,2015,US Virgin Islands,VI,78,0,No cases
Congenital syphilis,2015,American Samoa,AS,60,NA,Unavailable
Congenital syphilis,2015,Northern Mariana Islands,MP,69,NA,Unavailable
Congenital syphilis,2016,Alabama,AL,01,7,?1 case
Congenital syphilis,2016,Alaska,AK,02,0,No cases
Congenital syphilis,2016,Arizona,AZ,04,20,?1 case
Congenital syphilis,2016,Arkansas,AR,05,16,?1 case
Congenital syphilis,2016,California,CA,06,42,?1 case
Congenital syphilis,2016,Colorado,CO,08,6,?1 case
Congenital syphilis,2016,Connecticut,CT,09,0,No cases
Congenital syphilis,2016,Delaware,DE,10,0,No cases
Congenital syphilis,2016,District of Columbia,DC,11,10,?1 case
Congenital syphilis,2016,Florida,FL,12,27,?1 case
Congenital syphilis,2016,Georgia,GA,13,16,?1 case
Congenital syphilis,2016,Hawaii,HI,15,6,?1 case
Congenital syphilis,2016,Idaho,ID,16,0,No cases
Congenital syphilis,2016,Illinois,IL,17,12,?1 case
Congenital syphilis,2016,Indiana,IN,18,10,?1 case
Congenital syphilis,2016,Iowa,IA,19,3,?1 case
Congenital syphilis,2016,Kansas,KS,20,5,?1 case
Congenital syphilis,2016,Kentucky,KY,21,9,?1 case
Congenital syphilis,2016,Louisiana,LA,22,74,?1 case
Congenital syphilis,2016,Maine,ME,23,0,No cases
Congenital syphilis,2016,Maryland,MD,24,22,?1 case
Congenital syphilis,2016,Massachusetts,MA,25,4,?1 case
Congenital syphilis,2016,Michigan,MI,26,11,?1 case
Congenital syphilis,2016,Minnesota,MN,27,10,?1 case
Congenital syphilis,2016,Mississippi,MS,28,5,?1 case
Congenital syphilis,2016,Missouri,MO,29,11,?1 case
Congenital syphilis,2016,Montana,MT,30,0,No cases
Congenital syphilis,2016,Nebraska,NE,31,4,?1 case
Congenital syphilis,2016,Nevada,NV,32,33,?1 case
Congenital syphilis,2016,New Hampshire,NH,33,0,No cases
Congenital syphilis,2016,New Jersey,NJ,34,12,?1 case
Congenital syphilis,2016,New Mexico,NM,35,12,?1 case
Congenital syphilis,2016,New York,NY,36,6,?1 case
Congenital syphilis,2016,North Carolina,NC,37,15,?1 case
Congenital syphilis,2016,North Dakota,ND,38,0,No cases
Congenital syphilis,2016,Ohio,OH,39,9,?1 case
Congenital syphilis,2016,Oklahoma,OK,40,6,?1 case
Congenital syphilis,2016,Oregon,OR,41,13,?1 case
Congenital syphilis,2016,Pennsylvania,PA,42,4,?1 case
Congenital syphilis,2016,Rhode Island,RI,44,0,No cases
Congenital syphilis,2016,South Carolina,SC,45,16,?1 case
Congenital syphilis,2016,South Dakota,SD,46,16,?1 case
Congenital syphilis,2016,Tennessee,TN,47,10,?1 case
Congenital syphilis,2016,Texas,TX,48,18,?1 case
Congenital syphilis,2016,Utah,UT,49,0,No cases
Congenital syphilis,2016,Vermont,VT,50,0,No cases
Congenital syphilis,2016,Virginia,VA,51,8,?1 case
Congenital syphilis,2016,Washington,WA,53,3,?1 case
Congenital syphilis,2016,West Virginia,WV,54,10,?1 case
Congenital syphilis,2016,Wisconsin,WI,55,2,?1 case
Congenital syphilis,2016,Wyoming,WY,56,0,No cases
Congenital syphilis,2016,Guam,GU,66,0,No cases
Congenital syphilis,2016,Puerto Rico,PR,72,18,?1 case
Congenital syphilis,2016,US Virgin Islands,VI,78,0,No cases
Congenital syphilis,2016,American Samoa,AS,60,NA,Unavailable
Congenital syphilis,2016,Northern Mariana Islands,MP,69,NA,Unavailable
Congenital syphilis,2017,Alabama,AL,01,10,?1 case
Congenital syphilis,2017,Alaska,AK,02,0,No cases
Congenital syphilis,2017,Arizona,AZ,04,39,?1 case
Congenital syphilis,2017,Arkansas,AR,05,21,?1 case
Congenital syphilis,2017,California,CA,06,60,?1 case
Congenital syphilis,2017,Colorado,CO,08,6,?1 case
Congenital syphilis,2017,Connecticut,CT,09,0,No cases
Congenital syphilis,2017,Delaware,DE,10,0,No cases
Congenital syphilis,2017,District of Columbia,DC,11,0,No cases
Congenital syphilis,2017,Florida,FL,12,44,?1 case
Congenital syphilis,2017,Georgia,GA,13,18,?1 case
Congenital syphilis,2017,Hawaii,HI,15,17,?1 case
Congenital syphilis,2017,Idaho,ID,16,0,No cases
Congenital syphilis,2017,Illinois,IL,17,15,?1 case
Congenital syphilis,2017,Indiana,IN,18,10,?1 case
Congenital syphilis,2017,Iowa,IA,19,5,?1 case
Congenital syphilis,2017,Kansas,KS,20,3,?1 case
Congenital syphilis,2017,Kentucky,KY,21,11,?1 case
Congenital syphilis,2017,Louisiana,LA,22,93,?1 case
Congenital syphilis,2017,Maine,ME,23,0,No cases
Congenital syphilis,2017,Maryland,MD,24,28,?1 case
Congenital syphilis,2017,Massachusetts,MA,25,0,No cases
Congenital syphilis,2017,Michigan,MI,26,9,?1 case
Congenital syphilis,2017,Minnesota,MN,27,3,?1 case
Congenital syphilis,2017,Mississippi,MS,28,3,?1 case
Congenital syphilis,2017,Missouri,MO,29,14,?1 case
Congenital syphilis,2017,Montana,MT,30,8,?1 case
Congenital syphilis,2017,Nebraska,NE,31,4,?1 case
Congenital syphilis,2017,Nevada,NV,32,67,?1 case
Congenital syphilis,2017,New Hampshire,NH,33,0,No cases
Congenital syphilis,2017,New Jersey,NJ,34,14,?1 case
Congenital syphilis,2017,New Mexico,NM,35,4,?1 case
Congenital syphilis,2017,New York,NY,36,7,?1 case
Congenital syphilis,2017,North Carolina,NC,37,21,?1 case
Congenital syphilis,2017,North Dakota,ND,38,0,No cases
Congenital syphilis,2017,Ohio,OH,39,13,?1 case
Congenital syphilis,2017,Oklahoma,OK,40,14,?1 case
Congenital syphilis,2017,Oregon,OR,41,18,?1 case
Congenital syphilis,2017,Pennsylvania,PA,42,5,?1 case
Congenital syphilis,2017,Rhode Island,RI,44,0,No cases
Congenital syphilis,2017,South Carolina,SC,45,14,?1 case
Congenital syphilis,2017,South Dakota,SD,46,25,?1 case
Congenital syphilis,2017,Tennessee,TN,47,12,?1 case
Congenital syphilis,2017,Texas,TX,48,47,?1 case
Congenital syphilis,2017,Utah,UT,49,0,No cases
Congenital syphilis,2017,Vermont,VT,50,0,No cases
Congenital syphilis,2017,Virginia,VA,51,12,?1 case
Congenital syphilis,2017,Washington,WA,53,7,?1 case
Congenital syphilis,2017,West Virginia,WV,54,16,?1 case
Congenital syphilis,2017,Wisconsin,WI,55,5,?1 case
Congenital syphilis,2017,Wyoming,WY,56,0,No cases
Congenital syphilis,2017,Guam,GU,66,0,No cases
Congenital syphilis,2017,Puerto Rico,PR,72,29,?1 case
Congenital syphilis,2017,US Virgin Islands,VI,78,0,No cases
Congenital syphilis,2017,American Samoa,AS,60,NA,Unavailable
Congenital syphilis,2017,Northern Mariana Islands,MP,69,NA,Unavailable
Congenital syphilis,2018,Alabama,AL,01,12,?1 case
Congenital syphilis,2018,Alaska,AK,02,10,?1 case
Congenital syphilis,2018,Arizona,AZ,04,76,?1 case
Congenital syphilis,2018,Arkansas,AR,05,68,?1 case
Congenital syphilis,2018,California,CA,06,72,?1 case
Congenital syphilis,2018,Colorado,CO,08,13,?1 case
Congenital syphilis,2018,Connecticut,CT,09,6,?1 case
Congenital syphilis,2018,Delaware,DE,10,0,No cases
Congenital syphilis,2018,District of Columbia,DC,11,11,?1 case
Congenital syphilis,2018,Florida,FL,12,49,?1 case
Congenital syphilis,2018,Georgia,GA,13,25,?1 case
Congenital syphilis,2018,Hawaii,HI,15,24,?1 case
Congenital syphilis,2018,Idaho,ID,16,5,?1 case
Congenital syphilis,2018,Illinois,IL,17,21,?1 case
Congenital syphilis,2018,Indiana,IN,18,1,?1 case
Congenital syphilis,2018,Iowa,IA,19,8,?1 case
Congenital syphilis,2018,Kansas,KS,20,22,?1 case
Congenital syphilis,2018,Kentucky,KY,21,17,?1 case
Congenital syphilis,2018,Louisiana,LA,22,72,?1 case
Congenital syphilis,2018,Maine,ME,23,0,No cases
Congenital syphilis,2018,Maryland,MD,24,41,?1 case
Congenital syphilis,2018,Massachusetts,MA,25,0,No cases
Congenital syphilis,2018,Michigan,MI,26,13,?1 case
Congenital syphilis,2018,Minnesota,MN,27,15,?1 case
Congenital syphilis,2018,Mississippi,MS,28,8,?1 case
Congenital syphilis,2018,Missouri,MO,29,25,?1 case
Congenital syphilis,2018,Montana,MT,30,0,No cases
Congenital syphilis,2018,Nebraska,NE,31,0,No cases
Congenital syphilis,2018,Nevada,NV,32,87,?1 case
Congenital syphilis,2018,New Hampshire,NH,33,8,?1 case
Congenital syphilis,2018,New Jersey,NJ,34,13,?1 case
Congenital syphilis,2018,New Mexico,NM,35,43,?1 case
Congenital syphilis,2018,New York,NY,36,12,?1 case
Congenital syphilis,2018,North Carolina,NC,37,16,?1 case
Congenital syphilis,2018,North Dakota,ND,38,0,No cases
Congenital syphilis,2018,Ohio,OH,39,16,?1 case
Congenital syphilis,2018,Oklahoma,OK,40,22,?1 case
Congenital syphilis,2018,Oregon,OR,41,47,?1 case
Congenital syphilis,2018,Pennsylvania,PA,42,7,?1 case
Congenital syphilis,2018,Rhode Island,RI,44,0,No cases
Congenital syphilis,2018,South Carolina,SC,45,16,?1 case
Congenital syphilis,2018,South Dakota,SD,46,8,?1 case
Congenital syphilis,2018,Tennessee,TN,47,16,?1 case
Congenital syphilis,2018,Texas,TX,48,98,?1 case
Congenital syphilis,2018,Utah,UT,49,2,?1 case
Congenital syphilis,2018,Vermont,VT,50,0,No cases
Congenital syphilis,2018,Virginia,VA,51,10,?1 case
Congenital syphilis,2018,Washington,WA,53,7,?1 case
Congenital syphilis,2018,West Virginia,WV,54,5,?1 case
Congenital syphilis,2018,Wisconsin,WI,55,2,?1 case
Congenital syphilis,2018,Wyoming,WY,56,0,No cases
Congenital syphilis,2018,American Samoa,AS,60,0,No cases
Congenital syphilis,2018,Guam,GU,66,0,No cases
Congenital syphilis,2018,Northern Mariana Islands,MP,69,0,No cases
Congenital syphilis,2018,Puerto Rico,PR,72,42,?1 case
Congenital syphilis,2018,US Virgin Islands,VI,78,NA,Unavailable
Congenital syphilis,2019,Alabama,AL,01,26,?1 case
Congenital syphilis,2019,Alaska,AK,02,0,No cases
Congenital syphilis,2019,Arizona,AZ,04,137,?1 case
Congenital syphilis,2019,Arkansas,AR,05,57,?1 case
Congenital syphilis,2019,California,CA,06,99,?1 case
Congenital syphilis,2019,Colorado,CO,08,16,?1 case
Congenital syphilis,2019,Connecticut,CT,09,9,?1 case
Congenital syphilis,2019,Delaware,DE,10,19,?1 case
Congenital syphilis,2019,District of Columbia,DC,11,11,?1 case
Congenital syphilis,2019,Florida,FL,12,66,?1 case
Congenital syphilis,2019,Georgia,GA,13,44,?1 case
Congenital syphilis,2019,Hawaii,HI,15,18,?1 case
Congenital syphilis,2019,Idaho,ID,16,5,?1 case
Congenital syphilis,2019,Illinois,IL,17,23,?1 case
Congenital syphilis,2019,Indiana,IN,18,16,?1 case
Congenital syphilis,2019,Iowa,IA,19,3,?1 case
Congenital syphilis,2019,Kansas,KS,20,25,?1 case
Congenital syphilis,2019,Kentucky,KY,21,17,?1 case
Congenital syphilis,2019,Louisiana,LA,22,115,?1 case
Congenital syphilis,2019,Maine,ME,23,0,No cases
Congenital syphilis,2019,Maryland,MD,24,46,?1 case
Congenital syphilis,2019,Massachusetts,MA,25,13,?1 case
Congenital syphilis,2019,Michigan,MI,26,16,?1 case
Congenital syphilis,2019,Minnesota,MN,27,32,?1 case
Congenital syphilis,2019,Mississippi,MS,28,8,?1 case
Congenital syphilis,2019,Missouri,MO,29,25,?1 case
Congenital syphilis,2019,Montana,MT,30,9,?1 case
Congenital syphilis,2019,Nebraska,NE,31,0,No cases
Congenital syphilis,2019,Nevada,NV,32,117,?1 case
Congenital syphilis,2019,New Hampshire,NH,33,17,?1 case
Congenital syphilis,2019,New Jersey,NJ,34,15,?1 case
Congenital syphilis,2019,New Mexico,NM,35,122,?1 case
Congenital syphilis,2019,New York,NY,36,12,?1 case
Congenital syphilis,2019,North Carolina,NC,37,23,?1 case
Congenital syphilis,2019,North Dakota,ND,38,0,No cases
Congenital syphilis,2019,Ohio,OH,39,14,?1 case
Congenital syphilis,2019,Oklahoma,OK,40,85,?1 case
Congenital syphilis,2019,Oregon,OR,41,43,?1 case
Congenital syphilis,2019,Pennsylvania,PA,42,10,?1 case
Congenital syphilis,2019,Rhode Island,RI,44,0,No cases
Congenital syphilis,2019,South Carolina,SC,45,30,?1 case
Congenital syphilis,2019,South Dakota,SD,46,17,?1 case
Congenital syphilis,2019,Tennessee,TN,47,16,?1 case
Congenital syphilis,2019,Texas,TX,48,140,?1 case
Congenital syphilis,2019,Utah,UT,49,9,?1 case
Congenital syphilis,2019,Vermont,VT,50,0,No cases
Congenital syphilis,2019,Virginia,VA,51,11,?1 case
Congenital syphilis,2019,Washington,WA,53,20,?1 case
Congenital syphilis,2019,West Virginia,WV,54,33,?1 case
Congenital syphilis,2019,Wisconsin,WI,55,3,?1 case
Congenital syphilis,2019,Wyoming,WY,56,0,No cases
Congenital syphilis,2019,American Samoa,AS,60,0,No cases
Congenital syphilis,2019,Guam,GU,66,0,No cases
Congenital syphilis,2019,Northern Mariana Islands,MP,69,0,No cases
Congenital syphilis,2019,Puerto Rico,PR,72,34,?1 case
Congenital syphilis,2019,US Virgin Islands,VI,78,0,No cases
Congenital syphilis,2020,Alabama,AL,01,36,?1 case
Congenital syphilis,2020,Alaska,AK,02,81,?1 case
Congenital syphilis,2020,Arizona,AZ,04,151,?1 case
Congenital syphilis,2020,Arkansas,AR,05,63,?1 case
Congenital syphilis,2020,California,CA,06,108,?1 case
Congenital syphilis,2020,Colorado,CO,08,35,?1 case
Congenital syphilis,2020,Connecticut,CT,09,6,?1 case
Congenital syphilis,2020,Delaware,DE,10,19,?1 case
Congenital syphilis,2020,District of Columbia,DC,11,33,?1 case
Congenital syphilis,2020,Florida,FL,12,70,?1 case
Congenital syphilis,2020,Georgia,GA,13,65,?1 case
Congenital syphilis,2020,Hawaii,HI,15,71,?1 case
Congenital syphilis,2020,Idaho,ID,16,9,?1 case
Congenital syphilis,2020,Illinois,IL,17,19,?1 case
Congenital syphilis,2020,Indiana,IN,18,7,?1 case
Congenital syphilis,2020,Iowa,IA,19,3,?1 case
Congenital syphilis,2020,Kansas,KS,20,23,?1 case
Congenital syphilis,2020,Kentucky,KY,21,24,?1 case
Congenital syphilis,2020,Louisiana,LA,22,107,?1 case
Congenital syphilis,2020,Maine,ME,23,0,No cases
Congenital syphilis,2020,Maryland,MD,24,44,?1 case
Congenital syphilis,2020,Massachusetts,MA,25,14,?1 case
Congenital syphilis,2020,Michigan,MI,26,27,?1 case
Congenital syphilis,2020,Minnesota,MN,27,11,?1 case
Congenital syphilis,2020,Mississippi,MS,28,101,?1 case
Congenital syphilis,2020,Missouri,MO,29,42,?1 case
Congenital syphilis,2020,Montana,MT,30,18,?1 case
Congenital syphilis,2020,Nebraska,NE,31,4,?1 case
Congenital syphilis,2020,Nevada,NV,32,131,?1 case
Congenital syphilis,2020,New Hampshire,NH,33,0,No cases
Congenital syphilis,2020,New Jersey,NJ,34,24,?1 case
Congenital syphilis,2020,New Mexico,NM,35,183,?1 case
Congenital syphilis,2020,New York,NY,36,14,?1 case
Congenital syphilis,2020,North Carolina,NC,37,26,?1 case
Congenital syphilis,2020,North Dakota,ND,38,29,?1 case
Congenital syphilis,2020,Ohio,OH,39,25,?1 case
Congenital syphilis,2020,Oklahoma,OK,40,108,?1 case
Congenital syphilis,2020,Oregon,OR,41,45,?1 case
Congenital syphilis,2020,Pennsylvania,PA,42,10,?1 case
Congenital syphilis,2020,Rhode Island,RI,44,10,?1 case
Congenital syphilis,2020,South Carolina,SC,45,33,?1 case
Congenital syphilis,2020,South Dakota,SD,46,35,?1 case
Congenital syphilis,2020,Tennessee,TN,47,39,?1 case
Congenital syphilis,2020,Texas,TX,48,149,?1 case
Congenital syphilis,2020,Utah,UT,49,2,?1 case
Congenital syphilis,2020,Vermont,VT,50,0,No cases
Congenital syphilis,2020,Virginia,VA,51,15,?1 case
Congenital syphilis,2020,Washington,WA,53,12,?1 case
Congenital syphilis,2020,West Virginia,WV,54,44,?1 case
Congenital syphilis,2020,Wisconsin,WI,55,9,?1 case
Congenital syphilis,2020,Wyoming,WY,56,15,?1 case
Congenital syphilis,2020,American Samoa,AS,60,0,No cases
Congenital syphilis,2020,Guam,GU,66,0,No cases
Congenital syphilis,2020,Northern Mariana Islands,MP,69,0,No cases
Congenital syphilis,2020,Puerto Rico,PR,72,20,?1 case
Congenital syphilis,2020,US Virgin Islands,VI,78,0,No cases
