STD,Year,Rate
Congenital syphilis,1941,651.1
Congenital syphilis,1942,566
Congenital syphilis,1943,520.7
Congenital syphilis,1944,462
Congenital syphilis,1945,431.7
Congenital syphilis,1946,354.9
Congenital syphilis,1947,319.6
Congenital syphilis,1948,383
Congenital syphilis,1949,382.4
Congenital syphilis,1950,368.3
Congenital syphilis,1951,290.4
Congenital syphilis,1952,218.8
Congenital syphilis,1953,193.9
Congenital syphilis,1954,164
Congenital syphilis,1955,130.7
Congenital syphilis,1956,130.4
Congenital syphilis,1957,123
Congenital syphilis,1958,114.6
Congenital syphilis,1959,119.7
Congenital syphilis,1960,103.7
Congenital syphilis,1961,97.5
Congenital syphilis,1962,97.7
Congenital syphilis,1963,98.4
Congenital syphilis,1964,87.3
Congenital syphilis,1965,94.8
Congenital syphilis,1966,87.9
Congenital syphilis,1967,82.2
Congenital syphilis,1968,68
Congenital syphilis,1969,57.6
Congenital syphilis,1970,52.3
Congenital syphilis,1971,57.7
Congenital syphilis,1972,54
Congenital syphilis,1973,48.7
Congenital syphilis,1974,36
Congenital syphilis,1975,29.1
Congenital syphilis,1976,19.8
Congenital syphilis,1977,13.9
Congenital syphilis,1978,13
Congenital syphilis,1979,9.5
Congenital syphilis,1980,7.7
Congenital syphilis,1981,7.9
Congenital syphilis,1982,7
Congenital syphilis,1983,6.6
Congenital syphilis,1984,8.3
Congenital syphilis,1985,8.7
Congenital syphilis,1986,10.9
Congenital syphilis,1987,12.6
Congenital syphilis,1988,19
Congenital syphilis,1989,45.5
Congenital syphilis,1990,92.9
Congenital syphilis,1991,107.6
Congenital syphilis,1992,100
Congenital syphilis,1993,85.5
Congenital syphilis,1994,62
Congenital syphilis,1995,47.8
Congenital syphilis,1996,32.9
Congenital syphilis,1997,27.9
Congenital syphilis,1998,21.4
Congenital syphilis,1999,14.6
Congenital syphilis,2000,14.3
Congenital syphilis,2001,12.6
Congenital syphilis,2002,11.4
Congenital syphilis,2003,10.6
Congenital syphilis,2004,9.1
Congenital syphilis,2005,8.2
Congenital syphilis,2006,8.7
Congenital syphilis,2007,10.1
Congenital syphilis,2008,10.5
Congenital syphilis,2009,10.4
Congenital syphilis,2010,9.7
Congenital syphilis,2011,9.1
Congenital syphilis,2012,8.4
Congenital syphilis,2013,9.2
Congenital syphilis,2014,11.6
Congenital syphilis,2015,12.4
Congenital syphilis,2016,16.2
Congenital syphilis,2017,24.4
Congenital syphilis,2018,34.9
Congenital syphilis,2019,50
Congenital syphilis,2020,57.3
