STD,Year,Vital Status,Cases
Congenital syphilis,2016,Stillbirth,44
Congenital syphilis,2016,Infant death,4
Congenital syphilis,2016,"Alive, signs/symptoms",293
Congenital syphilis,2016,"Alive, no documented signs/symptoms",300
Congenital syphilis,2017,Stillbirth,68
Congenital syphilis,2017,Infant death,12
Congenital syphilis,2017,"Alive, signs/symptoms",335
Congenital syphilis,2017,"Alive, no documented signs/symptoms",524
Congenital syphilis,2018,Stillbirth,79
Congenital syphilis,2018,Infant death,15
Congenital syphilis,2018,"Alive, signs/symptoms",434
Congenital syphilis,2018,"Alive, no documented signs/symptoms",782
Congenital syphilis,2019,Stillbirth,95
Congenital syphilis,2019,Infant death,35
Congenital syphilis,2019,"Alive, signs/symptoms",711
Congenital syphilis,2019,"Alive, no documented signs/symptoms",1029
Congenital syphilis,2020,Stillbirth,122
Congenital syphilis,2020,Infant death,27
Congenital syphilis,2020,"Alive, signs/symptoms",791
Congenital syphilis,2020,"Alive, no documented signs/symptoms",1207
