Year,Race/Hispanic Ethnicity,Cases,Live Births,Rate
2010,American Indian or Alaska Native,1,"40,595",2.5
2011,American Indian or Alaska Native,2,"39,664",5.0
2012,American Indian or Alaska Native,2,"39,423",5.1
2013,American Indian or Alaska Native,5,"38,941",12.8
2014,American Indian or Alaska Native,5,"37,952",13.2
2015,American Indian or Alaska Native,4,"37,252",10.7
2016,American Indian or Alaska Native,12,"36,611",32.8
2017,American Indian or Alaska Native,14,"34,867",40.2
2018,American Indian or Alaska Native,29,"34,867",83.2
2019,American Indian or Alaska Native,54,"34,867",154.9
2010,Asian or Pacific Islander,9,"237,837",3.8
2011,Asian or Pacific Islander,14,"243,697",5.7
2012,Asian or Pacific Islander,6,"262,455",2.3
2013,Asian or Pacific Islander,9,"255,528",3.5
2014,Asian or Pacific Islander,19,"272,421",7.0
2015,Asian or Pacific Islander,15,"270,652",5.5
2016,Asian or Pacific Islander,25,"281,705",8.9
2017,Asian or Pacific Islander,13,"276,803",4.7
2018,Asian or Pacific Islander,26,"276,803",9.4
2019,Asian or Pacific Islander,34,"276,803",12.3
2010,Black or African American,216,"595,640",36.3
2011,Black or African American,211,"587,684",35.9
2012,Black or African American,189,"588,382",32.1
2013,Black or African American,185,"588,530",31.4
2014,Black or African American,227,"593,946",38.2
2015,Black or African American,208,"594,068",35.0
2016,Black or African American,263,"588,636",44.7
2017,Black or African American,361,"591,955",61.0
2018,Black or African American,516,"591,955",87.2
2019,Black or African American,630,"591,955",106.4
2010,Hispanic or Latino,91,"945,180",9.6
2011,Hispanic or Latino,73,"918,129",8.0
2012,Hispanic or Latino,80,"907,677",8.8
2013,Hispanic or Latino,93,"901,033",10.3
2014,Hispanic or Latino,112,"914,065",12.3
2015,Hispanic or Latino,143,"924,048",15.5
2016,Hispanic or Latino,189,"918,447",20.6
2017,Hispanic or Latino,309,"898,764",34.4
2018,Hispanic or Latino,413,"898,764",46.0
2019,Hispanic or Latino,583,"898,764",64.9
2010,White,63,"2,180,134",2.9
2011,White,50,"2,164,416",2.3
2012,White,50,"2,154,904",2.3
2013,White,62,"2,148,149",2.9
2014,White,79,"2,169,692",3.6
2015,White,97,"2,152,477",4.5
2016,White,122,"2,120,476",5.8
2017,White,213,"2,053,111",10.4
2018,White,291,"2,053,111",14.2
2019,White,453,"2,053,111",22.1
