Year,Treatment,Percent
1988,Cefixime,0%
1988,Ceftriaxone 125 mg,13%
1988,Ceftriaxone 250 mg,35%
1988,Ciprofloxacin,0%
1988,Gentamicin,0%
1988,Ofloxacin,0%
1988,Other,1%
1988,Other Cephalosporins,0%
1988,Penicillin,39%
1988,Spectinomycin,7%
1988,Tetracyclines,4%
1989,Cefixime,0%
1989,Ceftriaxone 125 mg,15%
1989,Ceftriaxone 250 mg,54%
1989,Ciprofloxacin,0%
1989,Gentamicin,0%
1989,Ofloxacin,0%
1989,Other,1%
1989,Other Cephalosporins,0%
1989,Penicillin,20%
1989,Spectinomycin,6%
1989,Tetracyclines,3%
1990,Cefixime,0%
1990,Ceftriaxone 125 mg,12%
1990,Ceftriaxone 250 mg,72%
1990,Ciprofloxacin,5%
1990,Gentamicin,0%
1990,Ofloxacin,0%
1990,Other,1%
1990,Other Cephalosporins,0%
1990,Penicillin,5%
1990,Spectinomycin,3%
1990,Tetracyclines,2%
1991,Cefixime,3%
1991,Ceftriaxone 125 mg,8%
1991,Ceftriaxone 250 mg,69%
1991,Ciprofloxacin,7%
1991,Gentamicin,0%
1991,Ofloxacin,3%
1991,Other,2%
1991,Other Cephalosporins,0%
1991,Penicillin,3%
1991,Spectinomycin,2%
1991,Tetracyclines,2%
1992,Cefixime,16%
1992,Ceftriaxone 125 mg,7%
1992,Ceftriaxone 250 mg,57%
1992,Ciprofloxacin,7%
1992,Gentamicin,0%
1992,Ofloxacin,4%
1992,Other,0%
1992,Other Cephalosporins,2%
1992,Penicillin,2%
1992,Spectinomycin,2%
1992,Tetracyclines,2%
1993,Cefixime,22%
1993,Ceftriaxone 125 mg,8%
1993,Ceftriaxone 250 mg,41%
1993,Ciprofloxacin,7%
1993,Gentamicin,0%
1993,Ofloxacin,9%
1993,Other,2%
1993,Other Cephalosporins,7%
1993,Penicillin,1%
1993,Spectinomycin,1%
1993,Tetracyclines,2%
1994,Cefixime,17%
1994,Ceftriaxone 125 mg,22%
1994,Ceftriaxone 250 mg,20%
1994,Ciprofloxacin,14%
1994,Gentamicin,0%
1994,Ofloxacin,17%
1994,Other,2%
1994,Other Cephalosporins,5%
1994,Penicillin,0%
1994,Spectinomycin,1%
1994,Tetracyclines,2%
1995,Cefixime,16%
1995,Ceftriaxone 125 mg,25%
1995,Ceftriaxone 250 mg,13%
1995,Ciprofloxacin,16%
1995,Gentamicin,0%
1995,Ofloxacin,20%
1995,Other,4%
1995,Other Cephalosporins,5%
1995,Penicillin,0%
1995,Spectinomycin,1%
1995,Tetracyclines,0%
1996,Cefixime,22%
1996,Ceftriaxone 125 mg,21%
1996,Ceftriaxone 250 mg,13%
1996,Ciprofloxacin,11%
1996,Gentamicin,0%
1996,Ofloxacin,22%
1996,Other,5%
1996,Other Cephalosporins,5%
1996,Penicillin,0%
1996,Spectinomycin,1%
1996,Tetracyclines,0%
1997,Cefixime,27%
1997,Ceftriaxone 125 mg,22%
1997,Ceftriaxone 250 mg,10%
1997,Ciprofloxacin,11%
1997,Gentamicin,0%
1997,Ofloxacin,19%
1997,Other,5%
1997,Other Cephalosporins,5%
1997,Penicillin,0%
1997,Spectinomycin,1%
1997,Tetracyclines,0%
1998,Cefixime,29%
1998,Ceftriaxone 125 mg,20%
1998,Ceftriaxone 250 mg,12%
1998,Ciprofloxacin,12%
1998,Gentamicin,0%
1998,Ofloxacin,19%
1998,Other,3%
1998,Other Cephalosporins,5%
1998,Penicillin,0%
1998,Spectinomycin,1%
1998,Tetracyclines,0%
1999,Cefixime,33%
1999,Ceftriaxone 125 mg,13%
1999,Ceftriaxone 250 mg,9%
1999,Ciprofloxacin,15%
1999,Gentamicin,0%
1999,Ofloxacin,20%
1999,Other,4%
1999,Other Cephalosporins,5%
1999,Penicillin,0%
1999,Spectinomycin,1%
1999,Tetracyclines,0%
2000,Cefixime,34%
2000,Ceftriaxone 125 mg,12%
2000,Ceftriaxone 250 mg,9%
2000,Ciprofloxacin,16%
2000,Gentamicin,0%
2000,Ofloxacin,22%
2000,Other,3%
2000,Other Cephalosporins,3%
2000,Penicillin,0%
2000,Spectinomycin,1%
2000,Tetracyclines,0%
2001,Cefixime,35%
2001,Ceftriaxone 125 mg,13%
2001,Ceftriaxone 250 mg,10%
2001,Ciprofloxacin,11%
2001,Gentamicin,0%
2001,Ofloxacin,27%
2001,Other,2%
2001,Other Cephalosporins,0%
2001,Penicillin,0%
2001,Spectinomycin,1%
2001,Tetracyclines,0%
2002,Cefixime,37%
2002,Ceftriaxone 125 mg,19%
2002,Ceftriaxone 250 mg,8%
2002,Ciprofloxacin,15%
2002,Gentamicin,0%
2002,Ofloxacin,18%
2002,Other,3%
2002,Other Cephalosporins,0%
2002,Penicillin,0%
2002,Spectinomycin,0%
2002,Tetracyclines,0%
2003,Cefixime,15%
2003,Ceftriaxone 125 mg,26%
2003,Ceftriaxone 250 mg,9%
2003,Ciprofloxacin,34%
2003,Gentamicin,0%
2003,Ofloxacin,8%
2003,Other,3%
2003,Other Cephalosporins,5%
2003,Penicillin,0%
2003,Spectinomycin,1%
2003,Tetracyclines,0%
2004,Cefixime,1%
2004,Ceftriaxone 125 mg,31%
2004,Ceftriaxone 250 mg,10%
2004,Ciprofloxacin,29%
2004,Gentamicin,0%
2004,Ofloxacin,10%
2004,Other,2%
2004,Other Cephalosporins,14%
2004,Penicillin,0%
2004,Spectinomycin,1%
2004,Tetracyclines,0%
2005,Cefixime,0%
2005,Ceftriaxone 125 mg,36%
2005,Ceftriaxone 250 mg,10%
2005,Ciprofloxacin,24%
2005,Gentamicin,0%
2005,Ofloxacin,9%
2005,Other,2%
2005,Other Cephalosporins,18%
2005,Penicillin,0%
2005,Spectinomycin,1%
2005,Tetracyclines,0%
2006,Cefixime,0%
2006,Ceftriaxone 125 mg,39%
2006,Ceftriaxone 250 mg,9%
2006,Ciprofloxacin,23%
2006,Gentamicin,0%
2006,Ofloxacin,7%
2006,Other,2%
2006,Other Cephalosporins,19%
2006,Penicillin,0%
2006,Spectinomycin,0%
2006,Tetracyclines,0%
2007,Cefixime,1%
2007,Ceftriaxone 125 mg,46%
2007,Ceftriaxone 250 mg,16%
2007,Ciprofloxacin,13%
2007,Gentamicin,0%
2007,Ofloxacin,4%
2007,Other,2%
2007,Other Cephalosporins,19%
2007,Penicillin,0%
2007,Spectinomycin,0%
2007,Tetracyclines,0%
2008,Cefixime,5%
2008,Ceftriaxone 125 mg,59%
2008,Ceftriaxone 250 mg,16%
2008,Ciprofloxacin,2%
2008,Gentamicin,0%
2008,Ofloxacin,0%
2008,Other,3%
2008,Other Cephalosporins,15%
2008,Penicillin,0%
2008,Spectinomycin,0%
2008,Tetracyclines,0%
2009,Cefixime,13%
2009,Ceftriaxone 125 mg,54%
2009,Ceftriaxone 250 mg,22%
2009,Ciprofloxacin,0%
2009,Gentamicin,0%
2009,Ofloxacin,0%
2009,Other,3%
2009,Other Cephalosporins,8%
2009,Penicillin,0%
2009,Spectinomycin,0%
2009,Tetracyclines,0%
2010,Cefixime,8%
2010,Ceftriaxone 125 mg,47%
2010,Ceftriaxone 250 mg,37%
2010,Ciprofloxacin,0%
2010,Gentamicin,0%
2010,Ofloxacin,0%
2010,Other,3%
2010,Other Cephalosporins,4%
2010,Penicillin,0%
2010,Spectinomycin,0%
2010,Tetracyclines,0%
2011,Cefixime,5%
2011,Ceftriaxone 125 mg,5%
2011,Ceftriaxone 250 mg,84%
2011,Ciprofloxacin,0%
2011,Gentamicin,0%
2011,Ofloxacin,0%
2011,Other,4%
2011,Other Cephalosporins,2%
2011,Penicillin,0%
2011,Spectinomycin,0%
2011,Tetracyclines,0%
2012,Cefixime,2%
2012,Ceftriaxone 125 mg,0%
2012,Ceftriaxone 250 mg,94%
2012,Ciprofloxacin,0%
2012,Gentamicin,0%
2012,Ofloxacin,0%
2012,Other,4%
2012,Other Cephalosporins,0%
2012,Penicillin,0%
2012,Spectinomycin,0%
2012,Tetracyclines,0%
2013,Cefixime,0%
2013,Ceftriaxone 125 mg,0%
2013,Ceftriaxone 250 mg,97%
2013,Ciprofloxacin,0%
2013,Gentamicin,0%
2013,Ofloxacin,0%
2013,Other,3%
2013,Other Cephalosporins,0%
2013,Penicillin,0%
2013,Spectinomycin,0%
2013,Tetracyclines,0%
2014,Cefixime,0%
2014,Ceftriaxone 125 mg,0%
2014,Ceftriaxone 250 mg,94%
2014,Ciprofloxacin,0%
2014,Gentamicin,0%
2014,Ofloxacin,0%
2014,Other,6%
2014,Other Cephalosporins,0%
2014,Penicillin,0%
2014,Spectinomycin,0%
2014,Tetracyclines,0%
2015,Cefixime,0%
2015,Ceftriaxone 125 mg,0%
2015,Ceftriaxone 250 mg,94%
2015,Ciprofloxacin,0%
2015,Gentamicin,0%
2015,Ofloxacin,0%
2015,Other,5%
2015,Other Cephalosporins,0%
2015,Penicillin,0%
2015,Spectinomycin,0%
2015,Tetracyclines,0%
2016,Cefixime,0%
2016,Ceftriaxone 125 mg,0%
2016,Ceftriaxone 250 mg,97%
2016,Ciprofloxacin,0%
2016,Gentamicin,1%
2016,Ofloxacin,0%
2016,Other,1%
2016,Other Cephalosporins,0%
2016,Penicillin,0%
2016,Spectinomycin,0%
2016,Tetracyclines,0%
2017,Cefixime,0%
2017,Ceftriaxone 125 mg,0%
2017,Ceftriaxone 250 mg,98%
2017,Ciprofloxacin,0%
2017,Gentamicin,1%
2017,Ofloxacin,0%
2017,Other,1%
2017,Other Cephalosporins,0%
2017,Penicillin,0%
2017,Spectinomycin,0%
2017,Tetracyclines,0%
2018,Cefixime,0%
2018,Ceftriaxone 125 mg,0%
2018,Ceftriaxone 250 mg,96%
2018,Ciprofloxacin,0%
2018,Gentamicin,1%
2018,Ofloxacin,0%
2018,Other,2%
2018,Other Cephalosporins,0%
2018,Penicillin,0%
2018,Spectinomycin,0%
2018,Tetracyclines,0%
2019,Cefixime,0%
2019,Ceftriaxone 125 mg,0%
2019,Ceftriaxone 250 mg,97%
2019,Ciprofloxacin,0%
2019,Gentamicin,1%
2019,Ofloxacin,0%
2019,Other,1%
2019,Other Cephalosporins,0%
2019,Penicillin,0%
2019,Spectinomycin,0%
2019,Tetracyclines,0%
