STD,Year,Jurisdiction,Sex and Sex of Sex Partners,Point,Lower,Upper
Gonorrhea,2020,San Francisco,Men who have sex with men,77.4,70,84.7
Gonorrhea,2020,San Francisco,Men who have sex with women only,8.3,4.5,12
Gonorrhea,2020,San Francisco,Women,14.3,7.4,21.3
Gonorrhea,2020,New York City,Men who have sex with men,59.4,56.6,62.2
Gonorrhea,2020,New York City,Men who have sex with women only,13.5,11.2,15.8
Gonorrhea,2020,New York City,Women,27.1,24.8,29.5
Gonorrhea,2020,Multnomah County,Men who have sex with men,44.9,38.1,51.7
Gonorrhea,2020,Multnomah County,Men who have sex with women only,20.8,15.1,26.4
Gonorrhea,2020,Multnomah County,Women,34.3,27.5,41.2
Gonorrhea,2020,Washington,Men who have sex with men,30.5,26.4,34.6
Gonorrhea,2020,Washington,Men who have sex with women only,31.8,27.3,36.2
Gonorrhea,2020,Washington,Women,37.7,33,42.5
Gonorrhea,2020,Utah,Men who have sex with men,25.3,15.2,35.5
Gonorrhea,2020,Utah,Men who have sex with women only,37.9,26.1,49.7
Gonorrhea,2020,Utah,Women,36.8,25.2,48.4
Gonorrhea,2020,Florida,Men who have sex with men,22.2,19.7,24.6
Gonorrhea,2020,Florida,Men who have sex with women only,39,36.1,41.9
Gonorrhea,2020,Florida,Women,38.8,36,41.6
Gonorrhea,2020,Baltimore,Men who have sex with men,21.1,14.7,27.5
Gonorrhea,2020,Baltimore,Men who have sex with women only,38.2,30.4,46.1
Gonorrhea,2020,Baltimore,Women,40.6,32.4,48.9
Gonorrhea,2020,Indiana,Men who have sex with men,15.8,10.7,21
Gonorrhea,2020,Indiana,Men who have sex with women only,35.7,29.1,42.3
Gonorrhea,2020,Indiana,Women,48.5,41.9,55
Gonorrhea,2020,SSuN Total,Men who have sex with men,34.7,33.2,36.2
Gonorrhea,2020,SSuN Total,Men who have sex with women only,29.6,28,31.2
Gonorrhea,2020,SSuN Total,Women,35.7,34.1,37.3
