Year,Jurisdiction,Group,Percent (Point),Percent (Lower),Percent (Upper)
2019,San Francisco,Men who have sex with men,85%,79%,91%
2019,San Francisco,Men who have sex with women only,4%,2%,7%
2019,San Francisco,Female,10%,5%,16%
2019,New York City,Men who have sex with men,63%,61%,66%
2019,New York City,Men who have sex with women only,14%,12%,16%
2019,New York City,Female,22%,20%,24%
2019,Multnomah County,Men who have sex with men,55%,51%,60%
2019,Multnomah County,Men who have sex with women only,17%,14%,20%
2019,Multnomah County,Female,28%,24%,32%
2019,Massachusetts,Men who have sex with men,51%,45%,57%
2019,Massachusetts,Men who have sex with women only,20%,15%,25%
2019,Massachusetts,Female,29%,23%,35%
2019,California‡,Men who have sex with men,41%,37%,45%
2019,California‡,Men who have sex with women only,24%,20%,27%
2019,California‡,Female,35%,31%,39%
2019,Washington,Men who have sex with men,38%,35%,41%
2019,Washington,Men who have sex with women only,27%,24%,30%
2019,Washington,Female,35%,32%,38%
2019,Philadelphia,Men who have sex with men,32%,29%,36%
2019,Philadelphia,Men who have sex with women only,31%,28%,35%
2019,Philadelphia,Female,36%,32%,40%
2019,Minnesota,Men who have sex with men,27%,20%,34%
2019,Minnesota,Men who have sex with women only,29%,22%,36%
2019,Minnesota,Female,44%,37%,51%
2019,Florida,Men who have sex with men,25%,23%,27%
2019,Florida,Men who have sex with women only,39%,37%,41%
2019,Florida,Female,36%,34%,38%
2019,Baltimore,Men who have sex with men,22%,18%,27%
2019,Baltimore,Men who have sex with women only,39%,34%,44%
2019,Baltimore,Female,39%,34%,44%
2019,SSuN Total,Men who have sex with men,42%,41%,44%
2019,SSuN Total,Men who have sex with women only,25%,24%,27%
2019,SSuN Total,Female,32%,31%,34%
