Year,Group,Rate
2010,Men who have sex with men,"1,421.5"
2011,Men who have sex with men,"1,466.4"
2012,Men who have sex with men,"1,933.4"
2013,Men who have sex with men,"1,821.5"
2014,Men who have sex with men,"2,454.8"
2015,Men who have sex with men,"3,093.3"
2016,Men who have sex with men,"4,325.2"
2017,Men who have sex with men,"5,115.5"
2018,Men who have sex with men,"5,326.9"
2019,Men who have sex with men,"5,165.6"
2010,Men who have sex with women only,72.4
2011,Men who have sex with women only,70.5
2012,Men who have sex with women only,68.6
2013,Men who have sex with women only,55.9
2014,Men who have sex with women only,65.0
2015,Men who have sex with women only,73.9
2016,Men who have sex with women only,98.7
2017,Men who have sex with women only,118.9
2018,Men who have sex with women only,123.1
2019,Men who have sex with women only,122.7
2010,Women,98.7
2011,Women,97.6
2012,Women,102.3
2013,Women,76.2
2014,Women,84.1
2015,Women,91.8
2016,Women,132.0
2017,Women,154.1
2018,Women,158.5
2019,Women,157.7
