Year,Reporting Source,Cases,Percent
2010,Private Physician/HMO,"27,416",19%
2011,Private Physician/HMO,"28,746",19%
2012,Private Physician/HMO,"32,903",20%
2013,Private Physician/HMO,"34,003",20%
2014,Private Physician/HMO,"38,249",20%
2015,Private Physician/HMO,"44,873",20%
2016,Private Physician/HMO,"59,931",22%
2017,Private Physician/HMO,"70,354",22%
2018,Private Physician/HMO,"70,772",21%
2019,Private Physician/HMO,"76,980",21%
2010,Hospital (Other),"14,881",10%
2011,Hospital (Other),"17,715",12%
2012,Hospital (Other),"18,565",11%
2013,Hospital (Other),"18,500",11%
2014,Hospital (Other),"21,976",12%
2015,Hospital (Other),"25,377",11%
2016,Hospital (Other),"33,781",12%
2017,Hospital (Other),"39,644",12%
2018,Hospital (Other),"41,923",12%
2019,Hospital (Other),"43,334",12%
2010,STD Clinic,"37,966",27%
2011,STD Clinic,"35,417",24%
2012,STD Clinic,"35,305",22%
2013,STD Clinic,"33,599",20%
2014,STD Clinic,"32,395",17%
2015,STD Clinic,"33,646",15%
2016,STD Clinic,"35,519",13%
2017,STD Clinic,"37,105",12%
2018,STD Clinic,"35,283",10%
2019,STD Clinic,"37,827",10%
2010,Emergency Room,"6,564",5%
2011,Emergency Room,"7,164",5%
2012,Emergency Room,"8,330",5%
2013,Emergency Room,"9,269",5%
2014,Emergency Room,"11,079",6%
2015,Emergency Room,"13,104",6%
2016,Emergency Room,"17,258",6%
2017,Emergency Room,"21,371",7%
2018,Emergency Room,"24,162",7%
2019,Emergency Room,"33,348",9%
2010,Laboratory,"3,674",3%
2011,Laboratory,"4,812",3%
2012,Laboratory,"5,234",3%
2013,Laboratory,"5,912",3%
2014,Laboratory,"6,403",3%
2015,Laboratory,"10,271",5%
2016,Laboratory,"12,733",5%
2017,Laboratory,"19,486",6%
2018,Laboratory,"23,570",7%
2019,Laboratory,"21,364",6%
2010,All Other,"37,197",26%
2011,All Other,"42,681",28%
2012,All Other,"46,591",29%
2013,All Other,"51,266",30%
2014,All Other,"54,117",29%
2015,All Other,"64,872",29%
2016,All Other,"73,579",27%
2017,All Other,"91,529",28%
2018,All Other,"101,911",30%
2019,All Other,"112,538",31%
2010,Missing/Unknown,"14,943",10%
2011,Missing/Unknown,"13,501",9%
2012,Missing/Unknown,"15,495",10%
2013,Missing/Unknown,"16,817",10%
2014,Missing/Unknown,"23,017",12%
2015,Missing/Unknown,"29,286",13%
2016,Missing/Unknown,"37,663",14%
2017,Missing/Unknown,"43,036",13%
2018,Missing/Unknown,"44,098",13%
2019,Missing/Unknown,"36,493",10%
