STD,Year,Race and Hispanic Ethnicity,Region,Sex,Rate Ratio
Gonorrhea,2020,"AI/
AN",Northeast,Male,1.6
Gonorrhea,2020,"AI/
AN",Northeast,Female,2.46
Gonorrhea,2020,"AI/
AN",Midwest,Male,5.86
Gonorrhea,2020,"AI/
AN",Midwest,Female,8.13
Gonorrhea,2020,"AI/
AN",South,Male,2.19
Gonorrhea,2020,"AI/
AN",South,Female,2.95
Gonorrhea,2020,"AI/
AN",West,Male,2.92
Gonorrhea,2020,"AI/
AN",West,Female,6.55
Gonorrhea,2020,Asian,Northeast,Male,0.79
Gonorrhea,2020,Asian,Northeast,Female,0.37
Gonorrhea,2020,Asian,Midwest,Male,0.59
Gonorrhea,2020,Asian,Midwest,Female,0.28
Gonorrhea,2020,Asian,South,Male,0.41
Gonorrhea,2020,Asian,South,Female,0.15
Gonorrhea,2020,Asian,West,Male,0.54
Gonorrhea,2020,Asian,West,Female,0.28
Gonorrhea,2020,"Black/
AA",Northeast,Male,12.47
Gonorrhea,2020,"Black/
AA",Northeast,Female,11.36
Gonorrhea,2020,"Black/
AA",Midwest,Male,17.23
Gonorrhea,2020,"Black/
AA",Midwest,Female,9.81
Gonorrhea,2020,"Black/
AA",South,Male,9.64
Gonorrhea,2020,"Black/
AA",South,Female,5.69
Gonorrhea,2020,"Black/
AA",West,Male,7.54
Gonorrhea,2020,"Black/
AA",West,Female,6.34
Gonorrhea,2020,"NH/
PI",Northeast,Male,4.46
Gonorrhea,2020,"NH/
PI",Northeast,Female,1.61
Gonorrhea,2020,"NH/
PI",Midwest,Male,5.03
Gonorrhea,2020,"NH/
PI",Midwest,Female,4.58
Gonorrhea,2020,"NH/
PI",South,Male,2.58
Gonorrhea,2020,"NH/
PI",South,Female,2.64
Gonorrhea,2020,"NH/
PI",West,Male,1.67
Gonorrhea,2020,"NH/
PI",West,Female,2.53
Gonorrhea,2020,Multiracial,Northeast,Male,7.41
Gonorrhea,2020,Multiracial,Northeast,Female,5.05
Gonorrhea,2020,Multiracial,Midwest,Male,2.68
Gonorrhea,2020,Multiracial,Midwest,Female,2.8
Gonorrhea,2020,Multiracial,South,Male,1.48
Gonorrhea,2020,Multiracial,South,Female,1.5
Gonorrhea,2020,Multiracial,West,Male,0.8
Gonorrhea,2020,Multiracial,West,Female,0.91
Gonorrhea,2020,"Hispanic/
Latino",Northeast,Male,2.87
Gonorrhea,2020,"Hispanic/
Latino",Northeast,Female,2.76
Gonorrhea,2020,"Hispanic/
Latino",Midwest,Male,2.1
Gonorrhea,2020,"Hispanic/
Latino",Midwest,Female,1.45
Gonorrhea,2020,"Hispanic/
Latino",South,Male,1.58
Gonorrhea,2020,"Hispanic/
Latino",South,Female,0.99
Gonorrhea,2020,"Hispanic/
Latino",West,Male,1.53
Gonorrhea,2020,"Hispanic/
Latino",West,Female,1.59
