STD,Year,Race and Hispanic Ethnicity,Sex,Rate
Gonorrhea,2020,AI/AN,Male,272.3
Gonorrhea,2020,AI/AN,Female,404.1
Gonorrhea,2020,Asian,Male,46.6
Gonorrhea,2020,Asian,Female,16.8
Gonorrhea,2020,Black/AA,Male,819.5
Gonorrhea,2020,Black/AA,Female,517.1
Gonorrhea,2020,Hispanic/Latino,Male,144.8
Gonorrhea,2020,Hispanic/Latino,Female,96.4
Gonorrhea,2020,NH/PI,Male,195.8
Gonorrhea,2020,NH/PI,Female,186.7
Gonorrhea,2020,White,Male,77.4
Gonorrhea,2020,White,Female,71.7
Gonorrhea,2020,Multiracial,Male,158.9
Gonorrhea,2020,Multiracial,Female,132.1
Gonorrhea,2020,Total,Male,238.5
Gonorrhea,2020,Total,Female,174.5
