Year,Sex,Race/Hispanic Ethnicity,Cases,Population,Rate
2019,Male,American Indian or Alaska Native,"3,317","1,189,703",278.8
2019,Male,Asian,"5,288","8,918,924",59.3
2019,Male,Black or African American,"141,606","19,560,023",724.0
2019,Male,Native Hawaiian or Other Pacific Islander,617,"294,994",209.2
2019,Male,White,"80,102","97,418,608",82.2
2019,Male,Two or More Races,"5,134","3,512,242",146.2
2019,Male,Hispanic or Latino,"44,638","30,234,185",147.6
2019,Male,Total (including other/unknown race),"361,586","161,128,679",224.4
2019,Female,American Indian or Alaska Native,"5,278","1,227,668",429.9
2019,Female,Asian,"1,838","9,809,751",18.7
2019,Female,Black or African American,"95,805","21,342,200",448.9
2019,Female,Native Hawaiian or Other Pacific Islander,543,"291,352",186.4
2019,Female,White,"65,631","100,127,799",65.5
2019,Female,Two or More Races,"3,470","3,602,424",96.3
2019,Female,Hispanic or Latino,"26,069","29,637,561",88.0
2019,Female,Total (including other/unknown race),"253,359","166,038,755",152.6
