STD,Week,Percent
Gonorrhea,1,107.3
Gonorrhea,2,112.2
Gonorrhea,3,113
Gonorrhea,4,110.9
Gonorrhea,5,116.9
Gonorrhea,6,113.5
Gonorrhea,7,111.2
Gonorrhea,8,112.1
Gonorrhea,9,108.4
Gonorrhea,10,112.1
Gonorrhea,11,109
Gonorrhea,12,89.9
Gonorrhea,13,79.4
Gonorrhea,14,75.1
Gonorrhea,15,71.2
Gonorrhea,16,79.1
Gonorrhea,17,80.3
Gonorrhea,18,85.2
Gonorrhea,19,90.9
Gonorrhea,20,93.3
Gonorrhea,21,100.1
Gonorrhea,22,103.2
Gonorrhea,23,107.4
Gonorrhea,24,109
Gonorrhea,25,109.5
Gonorrhea,26,109.4
Gonorrhea,27,117.2
Gonorrhea,28,104.9
Gonorrhea,29,108.4
Gonorrhea,30,110
Gonorrhea,31,107.2
Gonorrhea,32,110.9
Gonorrhea,33,112.8
Gonorrhea,34,114.7
Gonorrhea,35,114.5
Gonorrhea,36,132.4
Gonorrhea,37,100.4
Gonorrhea,38,117.7
Gonorrhea,39,118
Gonorrhea,40,117.6
Gonorrhea,41,119.8
Gonorrhea,42,119.8
Gonorrhea,43,117.6
Gonorrhea,44,121.6
Gonorrhea,45,118.6
Gonorrhea,46,117.3
Gonorrhea,47,114.4
Gonorrhea,48,118.4
Gonorrhea,49,116.5
Gonorrhea,50,114.3
Gonorrhea,51,113.9
Gonorrhea,52,122.4
