STD,Year,Rate
Gonorrhea,1941,146.7
Gonorrhea,1942,160.9
Gonorrhea,1943,213.6
Gonorrhea,1944,236.5
Gonorrhea,1945,225.8
Gonorrhea,1946,275
Gonorrhea,1947,270
Gonorrhea,1948,239.8
Gonorrhea,1949,217.3
Gonorrhea,1950,192.5
Gonorrhea,1951,168.9
Gonorrhea,1952,160.8
Gonorrhea,1953,153.9
Gonorrhea,1954,153.5
Gonorrhea,1955,147
Gonorrhea,1956,135.7
Gonorrhea,1957,127.4
Gonorrhea,1958,135.6
Gonorrhea,1959,137.6
Gonorrhea,1960,145.4
Gonorrhea,1961,145.8
Gonorrhea,1962,143.6
Gonorrhea,1963,149
Gonorrhea,1964,158.9
Gonorrhea,1965,169.5
Gonorrhea,1966,181.2
Gonorrhea,1967,205.9
Gonorrhea,1968,233.4
Gonorrhea,1969,265.4
Gonorrhea,1970,294.2
Gonorrhea,1971,324.1
Gonorrhea,1972,366.6
Gonorrhea,1973,398.7
Gonorrhea,1974,424.7
Gonorrhea,1975,464.1
Gonorrhea,1976,460.6
Gonorrhea,1977,456
Gonorrhea,1978,456.3
Gonorrhea,1979,447.1
Gonorrhea,1980,442.1
Gonorrhea,1981,431.8
Gonorrhea,1982,414.7
Gonorrhea,1983,385.1
Gonorrhea,1984,372.5
Gonorrhea,1985,383
Gonorrhea,1986,371.5
Gonorrhea,1987,325
Gonorrhea,1988,301.9
Gonorrhea,1989,297.1
Gonorrhea,1990,276.4
Gonorrhea,1991,245.8
Gonorrhea,1992,196
Gonorrhea,1993,171.1
Gonorrhea,1994,163.9
Gonorrhea,1995,147.5
Gonorrhea,1996,121.8
Gonorrhea,1997,120.2
Gonorrhea,1998,129.2
Gonorrhea,1999,129.3
Gonorrhea,2000,128.7
Gonorrhea,2001,126.8
Gonorrhea,2002,122
Gonorrhea,2003,115.2
Gonorrhea,2004,112.4
Gonorrhea,2005,114.6
Gonorrhea,2006,119.7
Gonorrhea,2007,118
Gonorrhea,2008,110.7
Gonorrhea,2009,98.1
Gonorrhea,2010,100.2
Gonorrhea,2011,103.3
Gonorrhea,2012,106.7
Gonorrhea,2013,105.3
Gonorrhea,2014,109.8
Gonorrhea,2015,123
Gonorrhea,2016,145
Gonorrhea,2017,170.6
Gonorrhea,2018,178.3
Gonorrhea,2019,187.8
Gonorrhea,2020,206.5
