STD,Year,Sex,Reporting Source,Cases
Gonorrhea,2011,Male,Other (not STD clinic),97215
Gonorrhea,2011,Male,STD clinic,35274
Gonorrhea,2011,Female,Other (not STD clinic),130837
Gonorrhea,2011,Female,STD clinic,17577
Gonorrhea,2012,Male,Other (not STD clinic),108175
Gonorrhea,2012,Male,STD clinic,35150
Gonorrhea,2012,Female,Other (not STD clinic),135078
Gonorrhea,2012,Female,STD clinic,16035
Gonorrhea,2013,Male,Other (not STD clinic),115359
Gonorrhea,2013,Male,STD clinic,33408
Gonorrhea,2013,Female,Other (not STD clinic),128016
Gonorrhea,2013,Female,STD clinic,14076
Gonorrhea,2014,Male,Other (not STD clinic),129526
Gonorrhea,2014,Male,STD clinic,32179
Gonorrhea,2014,Female,Other (not STD clinic),127043
Gonorrhea,2014,Female,STD clinic,13347
Gonorrhea,2015,Male,Other (not STD clinic),155997
Gonorrhea,2015,Male,STD clinic,33390
Gonorrhea,2015,Female,Other (not STD clinic),136981
Gonorrhea,2015,Female,STD clinic,13518
Gonorrhea,2016,Male,Other (not STD clinic),196415
Gonorrhea,2016,Male,STD clinic,35286
Gonorrhea,2016,Female,Other (not STD clinic),156295
Gonorrhea,2016,Female,STD clinic,13909
Gonorrhea,2017,Male,Other (not STD clinic),241087
Gonorrhea,2017,Male,STD clinic,36935
Gonorrhea,2017,Female,Other (not STD clinic),184192
Gonorrhea,2017,Female,STD clinic,14996
Gonorrhea,2018,Male,Other (not STD clinic),258342
Gonorrhea,2018,Male,STD clinic,35142
Gonorrhea,2018,Female,Other (not STD clinic),194482
Gonorrhea,2018,Female,STD clinic,13871
Gonorrhea,2019,Male,Other (not STD clinic),273188
Gonorrhea,2019,Male,STD clinic,37756
Gonorrhea,2019,Female,Other (not STD clinic),200312
Gonorrhea,2019,Female,STD clinic,15056
Gonorrhea,2020,Male,Other (not STD clinic),300286
Gonorrhea,2020,Male,STD clinic,31511
Gonorrhea,2020,Female,Other (not STD clinic),235623
Gonorrhea,2020,Female,STD clinic,12693
