STD,Year,Region,Rate
Gonorrhea,2011,Northeast,85.4
Gonorrhea,2011,Midwest,110.8
Gonorrhea,2011,South,133.8
Gonorrhea,2011,West,61.4
Gonorrhea,2012,Northeast,92.2
Gonorrhea,2012,Midwest,114.3
Gonorrhea,2012,South,130.5
Gonorrhea,2012,West,72.6
Gonorrhea,2013,Northeast,85.2
Gonorrhea,2013,Midwest,108.2
Gonorrhea,2013,South,127.4
Gonorrhea,2013,West,82.7
Gonorrhea,2014,Northeast,84.4
Gonorrhea,2014,Midwest,106.2
Gonorrhea,2014,South,129.9
Gonorrhea,2014,West,99.9
Gonorrhea,2015,Northeast,94
Gonorrhea,2015,Midwest,115.4
Gonorrhea,2015,South,144.6
Gonorrhea,2015,West,116.6
Gonorrhea,2016,Northeast,108.9
Gonorrhea,2016,Midwest,142.8
Gonorrhea,2016,South,165.3
Gonorrhea,2016,West,141
Gonorrhea,2017,Northeast,129
Gonorrhea,2017,Midwest,170
Gonorrhea,2017,South,191.9
Gonorrhea,2017,West,167.3
Gonorrhea,2018,Northeast,139.3
Gonorrhea,2018,Midwest,184.2
Gonorrhea,2018,South,192.7
Gonorrhea,2018,West,178.3
Gonorrhea,2019,Northeast,144.8
Gonorrhea,2019,Midwest,197.1
Gonorrhea,2019,South,204
Gonorrhea,2019,West,184.4
Gonorrhea,2020,Northeast,152.7
Gonorrhea,2020,Midwest,230
Gonorrhea,2020,South,232.1
Gonorrhea,2020,West,183.4
