Year,Region,Race/Hispanic Ethnicity,Cases,Population,Rate,Rate Ratio (Reference: White)
2019,Northeast,American Indian or Alaska Native,120,"126,621",94.8,2.1
2019,Midwest,American Indian or Alaska Native,"2,519","413,754",608.8,8.0
2019,South,American Indian or Alaska Native,"1,580","803,219",196.7,2.7
2019,West,American Indian or Alaska Native,"4,381","1,073,777",408.0,4.2
2019,Northeast,Asian,"1,239","3,807,421",32.5,0.7
2019,Midwest,Asian,894,"2,348,566",38.1,0.5
2019,South,Asian,928,"4,467,367",20.8,0.3
2019,West,Asian,"4,090","8,105,321",50.5,0.5
2019,Northeast,Black or African American,"28,224","6,349,059",444.5,9.9
2019,Midwest,Black or African American,"63,949","7,149,981",894.4,11.7
2019,South,Black or African American,"124,822","23,829,330",523.8,7.1
2019,West,Black or African American,"20,655","3,573,853",577.9,5.9
2019,Northeast,Hispanic or Latino,"10,480","8,263,053",126.8,2.8
2019,Midwest,Hispanic or Latino,"7,124","5,473,196",130.2,1.7
2019,South,Hispanic or Latino,"18,475","22,678,259",81.5,1.1
2019,West,Hispanic or Latino,"34,771","23,457,238",148.2,1.5
2019,Northeast,Native Hawaiian or Other Pacific Islander,39,"21,885",178.2,4.0
2019,Midwest,Native Hawaiian or Other Pacific Islander,138,"34,834",396.2,5.2
2019,South,Native Hawaiian or Other Pacific Islander,206,"93,355",220.7,3.0
2019,West,Native Hawaiian or Other Pacific Islander,783,"436,272",179.5,1.8
2019,Northeast,White,"16,453","36,577,622",45.0,1.0
2019,Midwest,White,"39,431","51,528,402",76.5,1.0
2019,South,White,"52,221","70,515,921",74.1,1.0
2019,West,White,"37,826","38,924,462",97.2,1.0
