STD,Year,Sex,Rate
Gonorrhea,2011,Men,97.7
Gonorrhea,2011,Women,108
Gonorrhea,2011,Total,103.3
Gonorrhea,2012,Men,105
Gonorrhea,2012,Women,107.9
Gonorrhea,2012,Total,106.7
Gonorrhea,2013,Men,108.7
Gonorrhea,2013,Women,101.7
Gonorrhea,2013,Total,105.3
Gonorrhea,2014,Men,119.1
Gonorrhea,2014,Women,100.4
Gonorrhea,2014,Total,109.8
Gonorrhea,2015,Men,139.7
Gonorrhea,2015,Women,106.3
Gonorrhea,2015,Total,123
Gonorrhea,2016,Men,169.7
Gonorrhea,2016,Women,120.4
Gonorrhea,2016,Total,145
Gonorrhea,2017,Men,200.8
Gonorrhea,2017,Women,140.7
Gonorrhea,2017,Total,170.6
Gonorrhea,2018,Men,211.9
Gonorrhea,2018,Women,145.2
Gonorrhea,2018,Total,178.3
Gonorrhea,2019,Men,223.7
Gonorrhea,2019,Women,152.1
Gonorrhea,2019,Total,187.8
Gonorrhea,2020,Men,238.5
Gonorrhea,2020,Women,174.5
Gonorrhea,2020,Total,206.5
