STD,Year,Race,Rate
Gonorrhea,2016,AI/AN,241.1
Gonorrhea,2016,Asian,27.8
Gonorrhea,2016,Black/AA,477.6
Gonorrhea,2016,Hispanic/Latino,94.5
Gonorrhea,2016,NH/PI,163.6
Gonorrhea,2016,White,55.7
Gonorrhea,2016,Multiracial,60.7
Gonorrhea,2017,AI/AN,299.9
Gonorrhea,2017,Asian,33.5
Gonorrhea,2017,Black/AA,542.4
Gonorrhea,2017,Hispanic/Latino,110.9
Gonorrhea,2017,NH/PI,184.6
Gonorrhea,2017,White,66.4
Gonorrhea,2017,Multiracial,74.9
Gonorrhea,2018,AI/AN,327.6
Gonorrhea,2018,Asian,34.5
Gonorrhea,2018,Black/AA,545.5
Gonorrhea,2018,Hispanic/Latino,114.1
Gonorrhea,2018,NH/PI,178.4
Gonorrhea,2018,White,71.2
Gonorrhea,2018,Multiracial,92.1
Gonorrhea,2019,AI/AN,353.2
Gonorrhea,2019,Asian,37.8
Gonorrhea,2019,Black/AA,577.6
Gonorrhea,2019,Hispanic/Latino,117
Gonorrhea,2019,NH/PI,195.7
Gonorrhea,2019,White,74
Gonorrhea,2019,Multiracial,118.4
Gonorrhea,2020,AI/AN,339.6
Gonorrhea,2020,Asian,31.1
Gonorrhea,2020,Black/AA,662.4
Gonorrhea,2020,Hispanic/Latino,121
Gonorrhea,2020,NH/PI,192
Gonorrhea,2020,White,74.6
Gonorrhea,2020,Multiracial,145.5
