Year,Reporting Source,Cases,Percent
2010,Private Physician/HMO,"41,449",25%
2011,Private Physician/HMO,"44,514",26%
2012,Private Physician/HMO,"45,822",27%
2013,Private Physician/HMO,"41,610",25%
2014,Private Physician/HMO,"40,877",25%
2015,Private Physician/HMO,"43,059",25%
2016,Private Physician/HMO,"51,432",26%
2017,Private Physician/HMO,"57,588",25%
2018,Private Physician/HMO,"58,108",24%
2019,Private Physician/HMO,"61,959",24%
2010,Hospital (Other),"17,966",11%
2011,Hospital (Other),"20,437",12%
2012,Hospital (Other),"20,834",12%
2013,Hospital (Other),"20,132",12%
2014,Hospital (Other),"21,264",13%
2015,Hospital (Other),"21,999",13%
2016,Hospital (Other),"27,417",14%
2017,Hospital (Other),"31,436",14%
2018,Hospital (Other),"32,741",14%
2019,Hospital (Other),"32,674",13%
2010,Emergency Room,"7,955",5%
2011,Emergency Room,"8,059",5%
2012,Emergency Room,"8,713",5%
2013,Emergency Room,"8,568",5%
2014,Emergency Room,"8,983",6%
2015,Emergency Room,"9,260",5%
2016,Emergency Room,"10,738",5%
2017,Emergency Room,"12,727",5%
2018,Emergency Room,"14,536",6%
2019,Emergency Room,"20,085",8%
2010,Laboratory,"6,526",4%
2011,Laboratory,"8,210",5%
2012,Laboratory,"7,831",5%
2013,Laboratory,"7,582",5%
2014,Laboratory,"7,557",5%
2015,Laboratory,"10,781",6%
2016,Laboratory,"11,632",6%
2017,Laboratory,"18,300",8%
2018,Laboratory,"21,908",9%
2019,Laboratory,"17,520",7%
2010,STD Clinic,"19,745",12%
2011,STD Clinic,"17,659",10%
2012,STD Clinic,"16,139",9%
2013,STD Clinic,"14,167",9%
2014,STD Clinic,"13,467",8%
2015,STD Clinic,"13,655",8%
2016,STD Clinic,"13,966",7%
2017,STD Clinic,"15,053",6%
2018,STD Clinic,"13,912",6%
2019,STD Clinic,"15,088",6%
2010,All Other,"53,458",32%
2011,All Other,"54,560",32%
2012,All Other,"55,710",32%
2013,All Other,"54,070",33%
2014,All Other,"50,361",31%
2015,All Other,"53,285",31%
2016,All Other,"55,847",28%
2017,All Other,"65,221",28%
2018,All Other,"70,017",29%
2019,All Other,"80,964",32%
2010,Missing/Unknown,"18,735",11%
2011,Missing/Unknown,"17,706",10%
2012,Missing/Unknown,"17,174",10%
2013,Missing/Unknown,"17,199",11%
2014,Missing/Unknown,"20,260",12%
2015,Missing/Unknown,"21,734",13%
2016,Missing/Unknown,"26,780",14%
2017,Missing/Unknown,"32,492",14%
2018,Missing/Unknown,"30,090",12%
2019,Missing/Unknown,"25,270",10%
