Year,Drug,Percent
2000,Azithromycin,0%
2001,Azithromycin,0%
2002,Azithromycin,1%
2003,Azithromycin,0%
2004,Azithromycin,1%
2005,Azithromycin,1%
2006,Azithromycin,0%
2007,Azithromycin,0%
2008,Azithromycin,0%
2009,Azithromycin,0%
2010,Azithromycin,0%
2011,Azithromycin,0%
2012,Azithromycin,0%
2013,Azithromycin,1%
2014,Azithromycin,2%
2015,Azithromycin,3%
2016,Azithromycin,4%
2017,Azithromycin,4%
2018,Azithromycin,5%
2019,Azithromycin,5%
2000,Cefixime,0%
2001,Cefixime,0%
2002,Cefixime,0%
2003,Cefixime,0%
2004,Cefixime,0%
2005,Cefixime,0%
2006,Cefixime,0%
2009,Cefixime,1%
2010,Cefixime,1%
2011,Cefixime,1%
2012,Cefixime,1%
2013,Cefixime,0%
2014,Cefixime,1%
2015,Cefixime,0%
2016,Cefixime,0%
2017,Cefixime,0%
2018,Cefixime,0%
2019,Cefixime,0%
2000,Ceftriaxone,0%
2001,Ceftriaxone,0%
2002,Ceftriaxone,0%
2003,Ceftriaxone,0%
2004,Ceftriaxone,0%
2005,Ceftriaxone,0%
2006,Ceftriaxone,0%
2007,Ceftriaxone,0%
2008,Ceftriaxone,0%
2009,Ceftriaxone,0%
2010,Ceftriaxone,0%
2011,Ceftriaxone,0%
2012,Ceftriaxone,0%
2013,Ceftriaxone,0%
2014,Ceftriaxone,0%
2015,Ceftriaxone,0%
2016,Ceftriaxone,0%
2017,Ceftriaxone,0%
2018,Ceftriaxone,0%
2019,Ceftriaxone,0%
2000,Ciprofloxacin,0%
2001,Ciprofloxacin,1%
2002,Ciprofloxacin,2%
2003,Ciprofloxacin,4%
2004,Ciprofloxacin,7%
2005,Ciprofloxacin,9%
2006,Ciprofloxacin,14%
2007,Ciprofloxacin,15%
2008,Ciprofloxacin,14%
2009,Ciprofloxacin,10%
2010,Ciprofloxacin,12%
2011,Ciprofloxacin,13%
2012,Ciprofloxacin,15%
2013,Ciprofloxacin,16%
2014,Ciprofloxacin,19%
2015,Ciprofloxacin,22%
2016,Ciprofloxacin,27%
2017,Ciprofloxacin,30%
2018,Ciprofloxacin,31%
2019,Ciprofloxacin,35%
2000,Penicillin,14%
2001,Penicillin,11%
2002,Penicillin,8%
2003,Penicillin,7%
2004,Penicillin,7%
2005,Penicillin,9%
2006,Penicillin,12%
2007,Penicillin,13%
2008,Penicillin,11%
2009,Penicillin,12%
2010,Penicillin,13%
2011,Penicillin,12%
2012,Penicillin,13%
2013,Penicillin,12%
2014,Penicillin,16%
2015,Penicillin,16%
2016,Penicillin,18%
2017,Penicillin,16%
2018,Penicillin,14%
2019,Penicillin,13%
2000,Tetracycline,20%
2001,Tetracycline,17%
2002,Tetracycline,15%
2003,Tetracycline,14%
2004,Tetracycline,14%
2005,Tetracycline,17%
2006,Tetracycline,21%
2007,Tetracycline,21%
2008,Tetracycline,18%
2009,Tetracycline,17%
2010,Tetracycline,20%
2011,Tetracycline,23%
2012,Tetracycline,23%
2013,Tetracycline,24%
2014,Tetracycline,25%
2015,Tetracycline,24%
2016,Tetracycline,23%
2017,Tetracycline,23%
2018,Tetracycline,26%
2019,Tetracycline,28%
