Year,Sex and Sex of Sex Partners,Drug,Percent
2011,Men who have sex with men,Azithromycin,0.6
2011,Men who have sex with women only,Azithromycin,0.2
2012,Men who have sex with men,Azithromycin,0.6
2012,Men who have sex with women only,Azithromycin,0.1
2013,Men who have sex with men,Azithromycin,0.9
2013,Men who have sex with women only,Azithromycin,0.4
2014,Men who have sex with men,Azithromycin,4.2
2014,Men who have sex with women only,Azithromycin,1.4
2015,Men who have sex with men,Azithromycin,4.1
2015,Men who have sex with women only,Azithromycin,1.6
2016,Men who have sex with men,Azithromycin,6.8
2016,Men who have sex with women only,Azithromycin,1.7
2017,Men who have sex with men,Azithromycin,6.6
2017,Men who have sex with women only,Azithromycin,2.9
2018,Men who have sex with men,Azithromycin,8.2
2018,Men who have sex with women only,Azithromycin,2.4
2019,Men who have sex with men,Azithromycin,8.8
2019,Men who have sex with women only,Azithromycin,3.3
2020,Men who have sex with men,Azithromycin,9.2
2020,Men who have sex with women only,Azithromycin,4.3
2011,Men who have sex with men,Ceftriaxone,0.9
2011,Men who have sex with women only,Ceftriaxone,0.2
2012,Men who have sex with men,Ceftriaxone,0.7
2012,Men who have sex with women only,Ceftriaxone,0.1
2013,Men who have sex with men,Ceftriaxone,0.1
2013,Men who have sex with women only,Ceftriaxone,0
2014,Men who have sex with men,Ceftriaxone,0.2
2014,Men who have sex with women only,Ceftriaxone,0.1
2015,Men who have sex with men,Ceftriaxone,0.4
2015,Men who have sex with women only,Ceftriaxone,0.2
2016,Men who have sex with men,Ceftriaxone,0.5
2016,Men who have sex with women only,Ceftriaxone,0.2
2017,Men who have sex with men,Ceftriaxone,0
2017,Men who have sex with women only,Ceftriaxone,0.3
2018,Men who have sex with men,Ceftriaxone,0.2
2018,Men who have sex with women only,Ceftriaxone,0.2
2019,Men who have sex with men,Ceftriaxone,0.2
2019,Men who have sex with women only,Ceftriaxone,0.1
2020,Men who have sex with men,Ceftriaxone,0
2020,Men who have sex with women only,Ceftriaxone,0.1
