Year,Drug,Percent,Percent Elevated MIC
2000,Azithromycin,0.347985348,0.3
2001,Azithromycin,0.274122807,0.3
2002,Azithromycin,0.614868642,0.6
2003,Azithromycin,0.396885972,0.4
2004,Azithromycin,0.901613413,0.9
2005,Azithromycin,0.564607195,0.6
2006,Azithromycin,0.229922812,0.2
2007,Azithromycin,0.449326011,0.4
2008,Azithromycin,0.192206885,0.2
2009,Azithromycin,0.213143872,0.2
2010,Azithromycin,0.474266643,0.5
2011,Azithromycin,0.292665081,0.3
2012,Azithromycin,0.272975432,0.3
2013,Azithromycin,0.55508831,0.6
2014,Azithromycin,2.454349107,2.5
2015,Azithromycin,2.584029532,2.6
2016,Azithromycin,3.614916286,3.6
2017,Azithromycin,4.366725943,4.4
2018,Azithromycin,4.554263566,4.6
2019,Azithromycin,5.127737226,5.1
2020,Azithromycin,5.827318899,5.8
2000,Cefixime,0.183116645,0.2
2001,Cefixime,0.219298246,0.2
2002,Cefixime,0.167691448,0.2
2003,Cefixime,0.061050061,0.1
2004,Cefixime,0.094906675,0.1
2005,Cefixime,0.096789805,0.1
2006,Cefixime,0.08211529,0.1
2009,Cefixime,0.79928952,0.8
2010,Cefixime,1.352538205,1.4
2011,Cefixime,1.353576001,1.4
2012,Cefixime,0.946314832,0.9
2013,Cefixime,0.420521447,0.4
2014,Cefixime,0.746122128,0.7
2015,Cefixime,0.485719837,0.5
2016,Cefixime,0.323439878,0.3
2017,Cefixime,0.4346967,0.4
2018,Cefixime,0.290697674,0.3
2019,Cefixime,0.346715328,0.3
2020,Cefixime,0.320769848,0.3
2000,Ceftriaxone,0.091558323,0.1
2001,Ceftriaxone,0.292451106,0.3
2002,Ceftriaxone,0.130426682,0.1
2003,Ceftriaxone,0.045787546,0
2004,Ceftriaxone,0.142360013,0.1
2005,Ceftriaxone,0.129053073,0.1
2006,Ceftriaxone,0.049269174,0
2007,Ceftriaxone,0.116491929,0.1
2008,Ceftriaxone,0.069893413,0.1
2009,Ceftriaxone,0.284191829,0.3
2010,Ceftriaxone,0.333743193,0.3
2011,Ceftriaxone,0.384122919,0.4
2012,Ceftriaxone,0.272975432,0.3
2013,Ceftriaxone,0.050462574,0.1
2014,Ceftriaxone,0.13744355,0.1
2015,Ceftriaxone,0.272003109,0.3
2016,Ceftriaxone,0.266362253,0.3
2017,Ceftriaxone,0.197589409,0.2
2018,Ceftriaxone,0.174418605,0.2
2019,Ceftriaxone,0.145985401,0.1
2020,Ceftriaxone,0.080192462,0.1
2000,Ciprofloxacin,0.347921626,0.3
2001,Ciprofloxacin,0.694444444,0.7
2002,Ciprofloxacin,2.161356437,2.2
2003,Ciprofloxacin,4.120879121,4.1
2004,Ciprofloxacin,6.78582727,6.8
2005,Ciprofloxacin,9.372479432,9.4
2006,Ciprofloxacin,13.84463787,13.8
2007,Ciprofloxacin,14.82775836,14.8
2008,Ciprofloxacin,13.54184868,13.5
2009,Ciprofloxacin,9.626998224,9.6
2010,Ciprofloxacin,12.45389074,12.5
2011,Ciprofloxacin,13.27967807,13.3
2012,Ciprofloxacin,14.72247498,14.7
2013,Ciprofloxacin,16.06391926,16.1
2014,Ciprofloxacin,19.20282741,19.2
2015,Ciprofloxacin,22.3236837,22.3
2016,Ciprofloxacin,26.80745814,26.8
2017,Ciprofloxacin,30.11262596,30.1
2018,Ciprofloxacin,31.22093023,31.2
2019,Ciprofloxacin,35.41970803,35.4
2020,Ciprofloxacin,34.77679765,34.8
2000,Penicillin,14.15491668,14.2
2001,Penicillin,11.36695906,11.4
2002,Penicillin,8.216880939,8.2
2003,Penicillin,6.623931624,6.6
2004,Penicillin,6.501107245,6.5
2005,Penicillin,9.372479432,9.4
2006,Penicillin,11.5289867,11.5
2007,Penicillin,12.91396239,12.9
2008,Penicillin,11.16547265,11.2
2009,Penicillin,12.46891652,12.5
2010,Penicillin,12.87546109,12.9
2011,Penicillin,11.83464423,11.8
2012,Penicillin,13.19381256,13.2
2013,Penicillin,12.19512195,12.2
2014,Penicillin,16.2183389,16.2
2015,Penicillin,15.71789392,15.7
2016,Penicillin,17.77016743,17.8
2017,Penicillin,15.80715274,15.8
2018,Penicillin,13.70155039,13.7
2019,Penicillin,12.75547445,12.8
2020,Penicillin,12.32290831,12.3
2000,Tetracycline,19.86815602,19.9
2001,Tetracycline,17.01388889,17
2002,Tetracycline,15.16675983,15.2
2003,Tetracycline,14.37728938,14.4
2004,Tetracycline,14.37836128,14.4
2005,Tetracycline,17.30924343,17.3
2006,Tetracycline,20.62736081,20.6
2007,Tetracycline,20.51922117,20.5
2008,Tetracycline,18.20147774,18.2
2009,Tetracycline,16.71403197,16.7
2010,Tetracycline,20.18268048,20.2
2011,Tetracycline,22.77300165,22.8
2012,Tetracycline,23.43949045,23.4
2013,Tetracycline,23.71740959,23.7
2014,Tetracycline,25.2699784,25.3
2015,Tetracycline,24.24713425,24.2
2016,Tetracycline,22.58371385,22.6
2017,Tetracycline,23.09820194,23.1
2018,Tetracycline,25.62015504,25.6
2019,Tetracycline,27.77372263,27.8
2020,Tetracycline,19.72734563,19.7
