Year,Drug,Percent
2010,Azithromycin,0%
2011,Azithromycin,0%
2012,Azithromycin,0%
2013,Azithromycin,1%
2014,Azithromycin,2%
2015,Azithromycin,3%
2016,Azithromycin,4%
2017,Azithromycin,4%
2018,Azithromycin,5%
2019,Azithromycin,5%
2010,Cefixime,1%
2011,Cefixime,1%
2012,Cefixime,1%
2013,Cefixime,0%
2014,Cefixime,1%
2015,Cefixime,0%
2016,Cefixime,0%
2017,Cefixime,0%
2018,Cefixime,0%
2019,Cefixime,0%
2010,Ceftriaxone,0%
2011,Ceftriaxone,0%
2012,Ceftriaxone,0%
2013,Ceftriaxone,0%
2014,Ceftriaxone,0%
2015,Ceftriaxone,0%
2016,Ceftriaxone,0%
2017,Ceftriaxone,0%
2018,Ceftriaxone,0%
2019,Ceftriaxone,0%
