Year,Drug,Percent Elevated MIC
2011,Azithromycin,0.3
2011,Cefixime,1.4
2011,Ceftriaxone,0.4
2012,Azithromycin,0.3
2012,Cefixime,0.9
2012,Ceftriaxone,0.3
2013,Azithromycin,0.6
2013,Cefixime,0.4
2013,Ceftriaxone,0.1
2014,Azithromycin,2.5
2014,Cefixime,0.7
2014,Ceftriaxone,0.1
2015,Azithromycin,2.6
2015,Cefixime,0.5
2015,Ceftriaxone,0.3
2016,Azithromycin,3.6
2016,Cefixime,0.3
2016,Ceftriaxone,0.3
2017,Azithromycin,4.4
2017,Cefixime,0.4
2017,Ceftriaxone,0.2
2018,Azithromycin,4.6
2018,Cefixime,0.3
2018,Ceftriaxone,0.2
2019,Azithromycin,5.1
2019,Cefixime,0.3
2019,Ceftriaxone,0.1
2020,Azithromycin,5.8
2020,Cefixime,0.3
2020,Ceftriaxone,0.1
