Year,Group,Drug,Prevalence
2010,Men who have sex with men,Azithromycin,1%
2011,Men who have sex with men,Azithromycin,1%
2012,Men who have sex with men,Azithromycin,1%
2013,Men who have sex with men,Azithromycin,1%
2014,Men who have sex with men,Azithromycin,4%
2015,Men who have sex with men,Azithromycin,4%
2016,Men who have sex with men,Azithromycin,7%
2017,Men who have sex with men,Azithromycin,7%
2018,Men who have sex with men,Azithromycin,8%
2019,Men who have sex with men,Azithromycin,9%
2010,Men who have sex with women only,Azithromycin,0%
2011,Men who have sex with women only,Azithromycin,0%
2012,Men who have sex with women only,Azithromycin,0%
2013,Men who have sex with women only,Azithromycin,0%
2014,Men who have sex with women only,Azithromycin,1%
2015,Men who have sex with women only,Azithromycin,2%
2016,Men who have sex with women only,Azithromycin,2%
2017,Men who have sex with women only,Azithromycin,3%
2018,Men who have sex with women only,Azithromycin,2%
2019,Men who have sex with women only,Azithromycin,3%
2010,Men who have sex with men,Ceftriaxone,1%
2011,Men who have sex with men,Ceftriaxone,1%
2012,Men who have sex with men,Ceftriaxone,1%
2013,Men who have sex with men,Ceftriaxone,0%
2014,Men who have sex with men,Ceftriaxone,0%
2015,Men who have sex with men,Ceftriaxone,0%
2016,Men who have sex with men,Ceftriaxone,0%
2018,Men who have sex with men,Ceftriaxone,0%
2019,Men who have sex with men,Ceftriaxone,0%
2010,Men who have sex with women only,Ceftriaxone,0%
2011,Men who have sex with women only,Ceftriaxone,0%
2012,Men who have sex with women only,Ceftriaxone,0%
2013,Men who have sex with women only,Ceftriaxone,0%
2014,Men who have sex with women only,Ceftriaxone,0%
2015,Men who have sex with women only,Ceftriaxone,0%
2016,Men who have sex with women only,Ceftriaxone,0%
2017,Men who have sex with women only,Ceftriaxone,0%
2018,Men who have sex with women only,Ceftriaxone,0%
2019,Men who have sex with women only,Ceftriaxone,0%
