Year,Group,Percent
1989,Men who have sex with men,4%
1990,Men who have sex with men,5%
1991,Men who have sex with men,5%
1992,Men who have sex with men,4%
1993,Men who have sex with men,5%
1994,Men who have sex with men,5%
1995,Men who have sex with men,7%
1996,Men who have sex with men,9%
1997,Men who have sex with men,11%
1998,Men who have sex with men,12%
1999,Men who have sex with men,13%
2000,Men who have sex with men,14%
2001,Men who have sex with men,17%
2002,Men who have sex with men,21%
2003,Men who have sex with men,20%
2004,Men who have sex with men,20%
2005,Men who have sex with men,22%
2006,Men who have sex with men,21%
2007,Men who have sex with men,22%
2008,Men who have sex with men,21%
2009,Men who have sex with men,25%
2010,Men who have sex with men,29%
2011,Men who have sex with men,30%
2012,Men who have sex with men,33%
2013,Men who have sex with men,35%
2014,Men who have sex with men,37%
2015,Men who have sex with men,38%
2016,Men who have sex with men,38%
2017,Men who have sex with men,39%
2018,Men who have sex with men,37%
2019,Men who have sex with men,32%
