STD,Year,HIV Status,Sex and Sex of Sex Partners,Cases
Primary and secondary syphilis,2020,HIV negative,MSM,1271
Primary and secondary syphilis,2020,HIV negative,MSM,7170
Primary and secondary syphilis,2020,HIV negative,MSW,5507
Primary and secondary syphilis,2020,HIV negative,Women,5292
Primary and secondary syphilis,2020,HIV negative,MSU,2457
Primary and secondary syphilis,2020,HIV positive,MSM,543
Primary and secondary syphilis,2020,HIV positive,MSM,6618
Primary and secondary syphilis,2020,HIV positive,MSW,464
Primary and secondary syphilis,2020,HIV positive,Women,313
Primary and secondary syphilis,2020,HIV positive,MSU,2031
Primary and secondary syphilis,2020,Missing or unknown HIV status,MSM,352
Primary and secondary syphilis,2020,Missing or unknown HIV status,MSM,2014
Primary and secondary syphilis,2020,Missing or unknown HIV status,MSW,1830
Primary and secondary syphilis,2020,Missing or unknown HIV status,Women,2296
Primary and secondary syphilis,2020,Missing or unknown HIV status,MSU,3389
