STD,Sex and Sex of Sex Partners,Year,HIV Status,Cases
Primary and secondary syphilis,Women and MSW,2011,HIV negative,2352
Primary and secondary syphilis,Women and MSW,2011,HIV positive,241
Primary and secondary syphilis,Women and MSW,2011,Unknown HIV Status,770
Primary and secondary syphilis,Women and MSW,2012,HIV negative,2326
Primary and secondary syphilis,Women and MSW,2012,HIV positive,263
Primary and secondary syphilis,Women and MSW,2012,Unknown HIV Status,829
Primary and secondary syphilis,Women and MSW,2013,HIV negative,2503
Primary and secondary syphilis,Women and MSW,2013,HIV positive,250
Primary and secondary syphilis,Women and MSW,2013,Unknown HIV Status,967
Primary and secondary syphilis,Women and MSW,2014,HIV negative,2901
Primary and secondary syphilis,Women and MSW,2014,HIV positive,281
Primary and secondary syphilis,Women and MSW,2014,Unknown HIV Status,1171
Primary and secondary syphilis,Women and MSW,2015,HIV negative,3421
Primary and secondary syphilis,Women and MSW,2015,HIV positive,282
Primary and secondary syphilis,Women and MSW,2015,Unknown HIV Status,1773
Primary and secondary syphilis,Women and MSW,2016,HIV negative,4820
Primary and secondary syphilis,Women and MSW,2016,HIV positive,412
Primary and secondary syphilis,Women and MSW,2016,Unknown HIV Status,1697
Primary and secondary syphilis,Women and MSW,2017,HIV negative,5867
Primary and secondary syphilis,Women and MSW,2017,HIV positive,436
Primary and secondary syphilis,Women and MSW,2017,Unknown HIV Status,1967
Primary and secondary syphilis,Women and MSW,2018,HIV negative,7286
Primary and secondary syphilis,Women and MSW,2018,HIV positive,473
Primary and secondary syphilis,Women and MSW,2018,Unknown HIV Status,2652
Primary and secondary syphilis,Women and MSW,2019,HIV negative,9552
Primary and secondary syphilis,Women and MSW,2019,HIV positive,619
Primary and secondary syphilis,Women and MSW,2019,Unknown HIV Status,3611
Primary and secondary syphilis,Women and MSW,2020,HIV negative,10799
Primary and secondary syphilis,Women and MSW,2020,HIV positive,777
Primary and secondary syphilis,Women and MSW,2020,Unknown HIV Status,4126
