STD,Year,Sex,Rate
Primary and secondary syphilis,2011,Men,8.1
Primary and secondary syphilis,2011,Women,0.9
Primary and secondary syphilis,2011,Total,4.5
Primary and secondary syphilis,2012,Men,9.2
Primary and secondary syphilis,2012,Women,0.9
Primary and secondary syphilis,2012,Total,5
Primary and secondary syphilis,2013,Men,10.2
Primary and secondary syphilis,2013,Women,0.9
Primary and secondary syphilis,2013,Total,5.5
Primary and secondary syphilis,2014,Men,11.6
Primary and secondary syphilis,2014,Women,1.1
Primary and secondary syphilis,2014,Total,6.3
Primary and secondary syphilis,2015,Men,13.6
Primary and secondary syphilis,2015,Women,1.4
Primary and secondary syphilis,2015,Total,7.4
Primary and secondary syphilis,2016,Men,15.5
Primary and secondary syphilis,2016,Women,1.9
Primary and secondary syphilis,2016,Total,8.6
Primary and secondary syphilis,2017,Men,16.8
Primary and secondary syphilis,2017,Women,2.3
Primary and secondary syphilis,2017,Total,9.4
Primary and secondary syphilis,2018,Men,18.6
Primary and secondary syphilis,2018,Women,3
Primary and secondary syphilis,2018,Total,10.7
Primary and secondary syphilis,2019,Men,20
Primary and secondary syphilis,2019,Women,3.9
Primary and secondary syphilis,2019,Total,11.9
Primary and secondary syphilis,2020,Men,20.8
Primary and secondary syphilis,2020,Women,4.7
Primary and secondary syphilis,2020,Total,12.7
