STD,Year,Race and Hispanic Ethnicity,Sex and Sex of Sex Partners,Cases
Primary and secondary syphilis,2020,White,MSM,6043
Primary and secondary syphilis,2020,White,MSW,2169
Primary and secondary syphilis,2020,White,Women,2947
Primary and secondary syphilis,2020,White,MSU,2470
Primary and secondary syphilis,2020,Black/AA,MSM,5461
Primary and secondary syphilis,2020,Black/AA,MSW,3259
Primary and secondary syphilis,2020,Black/AA,Women,2651
Primary and secondary syphilis,2020,Black/AA,MSU,2624
Primary and secondary syphilis,2020,Hispanic/Latino,MSM,4263
Primary and secondary syphilis,2020,Hispanic/Latino,MSW,1448
Primary and secondary syphilis,2020,Hispanic/Latino,Women,1238
Primary and secondary syphilis,2020,Hispanic/Latino,MSU,1438
Primary and secondary syphilis,2020,Other,MSM,2201
Primary and secondary syphilis,2020,Other,MSW,925
Primary and secondary syphilis,2020,Other,Women,1065
Primary and secondary syphilis,2020,Other,MSU,1345
