Year,Race/Hispanic Ethnicity,Group,Cases,
2019,White,Men who have sex with men,"6,463",
2019,White,Men who have sex with women only,"2,108",
2019,White,Women,"2,312",
2019,Black or African American,Men who have sex with men,"5,290",
2019,Black or African American,Men who have sex with women only,"2,931",
2019,Black or African American,Women,"2,178",
2019,Hispanic or Latino,Men who have sex with men,"4,364",
2019,Hispanic or Latino,Men who have sex with women only,"1,458",
2019,Hispanic or Latino,Women,"1,126",
2019,Other,Men who have sex with men,"2,264",
2019,Other,Men who have sex with women only,792,
2019,Other,Women,877,
