STD,Year,Race and Hispanic Ethnicity,Sex,Rate
Primary and secondary syphilis,2020,AI/AN,Male,32.6
Primary and secondary syphilis,2020,AI/AN,Female,21.3
Primary and secondary syphilis,2020,Asian,Male,8.9
Primary and secondary syphilis,2020,Asian,Female,0.6
Primary and secondary syphilis,2020,Black/AA,Male,57.7
Primary and secondary syphilis,2020,Black/AA,Female,12.3
Primary and secondary syphilis,2020,Hispanic/Latino,Male,23.4
Primary and secondary syphilis,2020,Hispanic/Latino,Female,4.1
Primary and secondary syphilis,2020,NH/PI,Male,30.7
Primary and secondary syphilis,2020,NH/PI,Female,13.8
Primary and secondary syphilis,2020,White,Male,11
Primary and secondary syphilis,2020,White,Female,2.9
Primary and secondary syphilis,2020,Multiracial,Male,23.4
Primary and secondary syphilis,2020,Multiracial,Female,4.6
Primary and secondary syphilis,2020,Total,Male,20.8
Primary and secondary syphilis,2020,Total,Female,4.7
