Year,Group,HIV Status,Cases
2019,Men who have sex with men,HIV negative,"8,867"
2019,Men who have sex with men,HIV positive,"7,013"
2019,Men who have sex with men,Missing or unknown HIV status,"2,501"
2019,Men who have sex with women only,HIV negative,"5,116"
2019,Men who have sex with women only,HIV positive,419
2019,Men who have sex with women only,Missing or unknown HIV status,"1,754"
2019,Women,HIV negative,"4,436"
2019,Women,HIV positive,200
2019,Women,Missing or unknown HIV status,"1,857"
