STD,Year,Sex,Sex and Sex of Sex Partners,Reporting Source,Cases
Primary and secondary syphilis,2011,Male,MSM,Other (not STD clinic),5669
Primary and secondary syphilis,2011,Male,MSM,STD clinic,2426
Primary and secondary syphilis,2011,Male,MSW,Other (not STD clinic),1181
Primary and secondary syphilis,2011,Male,MSW,STD clinic,609
Primary and secondary syphilis,2011,Male,MSU,Other (not STD clinic),1587
Primary and secondary syphilis,2011,Male,MSU,STD clinic,381
Primary and secondary syphilis,2012,Male,MSM,Other (not STD clinic),6406
Primary and secondary syphilis,2012,Male,MSM,STD clinic,2722
Primary and secondary syphilis,2012,Male,MSW,Other (not STD clinic),1239
Primary and secondary syphilis,2012,Male,MSW,STD clinic,599
Primary and secondary syphilis,2012,Male,MSU,Other (not STD clinic),1961
Primary and secondary syphilis,2012,Male,MSU,STD clinic,326
Primary and secondary syphilis,2013,Male,MSM,Other (not STD clinic),7114
Primary and secondary syphilis,2013,Male,MSM,STD clinic,2995
Primary and secondary syphilis,2013,Male,MSW,Other (not STD clinic),1443
Primary and secondary syphilis,2013,Male,MSW,STD clinic,630
Primary and secondary syphilis,2013,Male,MSU,Other (not STD clinic),1925
Primary and secondary syphilis,2013,Male,MSU,STD clinic,269
Primary and secondary syphilis,2014,Male,MSM,Other (not STD clinic),8302
Primary and secondary syphilis,2014,Male,MSM,STD clinic,3344
Primary and secondary syphilis,2014,Male,MSW,Other (not STD clinic),1776
Primary and secondary syphilis,2014,Male,MSW,STD clinic,617
Primary and secondary syphilis,2014,Male,MSU,Other (not STD clinic),2539
Primary and secondary syphilis,2014,Male,MSU,STD clinic,367
Primary and secondary syphilis,2015,Male,MSM,Other (not STD clinic),9951
Primary and secondary syphilis,2015,Male,MSM,STD clinic,3381
Primary and secondary syphilis,2015,Male,MSW,Other (not STD clinic),2290
Primary and secondary syphilis,2015,Male,MSW,STD clinic,721
Primary and secondary syphilis,2015,Male,MSU,Other (not STD clinic),3271
Primary and secondary syphilis,2015,Male,MSU,STD clinic,331
Primary and secondary syphilis,2016,Male,MSM,Other (not STD clinic),11181
Primary and secondary syphilis,2016,Male,MSM,STD clinic,3461
Primary and secondary syphilis,2016,Male,MSW,Other (not STD clinic),2780
Primary and secondary syphilis,2016,Male,MSW,STD clinic,764
Primary and secondary syphilis,2016,Male,MSU,Other (not STD clinic),3697
Primary and secondary syphilis,2016,Male,MSU,STD clinic,462
Primary and secondary syphilis,2017,Male,MSM,Other (not STD clinic),12303
Primary and secondary syphilis,2017,Male,MSM,STD clinic,3559
Primary and secondary syphilis,2017,Male,MSW,Other (not STD clinic),3274
Primary and secondary syphilis,2017,Male,MSW,STD clinic,811
Primary and secondary syphilis,2017,Male,MSU,Other (not STD clinic),3517
Primary and secondary syphilis,2017,Male,MSU,STD clinic,343
Primary and secondary syphilis,2018,Male,MSM,Other (not STD clinic),12843
Primary and secondary syphilis,2018,Male,MSM,STD clinic,3706
Primary and secondary syphilis,2018,Male,MSW,Other (not STD clinic),3905
Primary and secondary syphilis,2018,Male,MSW,STD clinic,884
Primary and secondary syphilis,2018,Male,MSU,Other (not STD clinic),4326
Primary and secondary syphilis,2018,Male,MSU,STD clinic,593
Primary and secondary syphilis,2019,Male,MSM,Other (not STD clinic),12998
Primary and secondary syphilis,2019,Male,MSM,STD clinic,3854
Primary and secondary syphilis,2019,Male,MSW,Other (not STD clinic),5279
Primary and secondary syphilis,2019,Male,MSW,STD clinic,1424
Primary and secondary syphilis,2019,Male,MSU,Other (not STD clinic),5197
Primary and secondary syphilis,2019,Male,MSU,STD clinic,751
Primary and secondary syphilis,2020,Male,MSM,Other (not STD clinic),13064
Primary and secondary syphilis,2020,Male,MSM,STD clinic,3084
Primary and secondary syphilis,2020,Male,MSW,Other (not STD clinic),5658
Primary and secondary syphilis,2020,Male,MSW,STD clinic,1379
Primary and secondary syphilis,2020,Male,MSU,Other (not STD clinic),6166
Primary and secondary syphilis,2020,Male,MSU,STD clinic,624
