Year,Group,Cases
2010,"STD Clinic, Men","3,637"
2011,"STD Clinic, Men","3,562"
2012,"STD Clinic, Men","3,774"
2013,"STD Clinic, Men","4,063"
2014,"STD Clinic, Men","4,571"
2015,"STD Clinic, Men","4,669"
2016,"STD Clinic, Men","4,918"
2017,"STD Clinic, Men","4,885"
2018,"STD Clinic, Men","5,328"
2019,"STD Clinic, Men","6,130"
2010,"Non-STD Clinic, Men","8,554"
2011,"Non-STD Clinic, Men","9,128"
2012,"Non-STD Clinic, Men","10,702"
2013,"Non-STD Clinic, Men","12,148"
2014,"Non-STD Clinic, Men","14,029"
2015,"Non-STD Clinic, Men","17,339"
2016,"Non-STD Clinic, Men","20,213"
2017,"Non-STD Clinic, Men","22,345"
2018,"Non-STD Clinic, Men","25,017"
2019,"Non-STD Clinic, Men","26,549"
2010,"STD Clinic, Women",450
2011,"STD Clinic, Women",344
2012,"STD Clinic, Women",339
2013,"STD Clinic, Women",292
2014,"STD Clinic, Women",334
2015,"STD Clinic, Women",383
2016,"STD Clinic, Women",464
2017,"STD Clinic, Women",499
2018,"STD Clinic, Women",562
2019,"STD Clinic, Women",801
2010,"Non-STD Clinic, Women","1,348"
2011,"Non-STD Clinic, Women","1,174"
2012,"Non-STD Clinic, Women","1,139"
2013,"Non-STD Clinic, Women","1,243"
2014,"Non-STD Clinic, Women","1,536"
2015,"Non-STD Clinic, Women","1,985"
2016,"Non-STD Clinic, Women","2,671"
2017,"Non-STD Clinic, Women","3,289"
2018,"Non-STD Clinic, Women","4,485"
2019,"Non-STD Clinic, Women","5,744"
