STD,Week,Percent
Primary and secondary syphilis,1,105.4
Primary and secondary syphilis,2,113.8
Primary and secondary syphilis,3,110.8
Primary and secondary syphilis,4,113.6
Primary and secondary syphilis,5,118
Primary and secondary syphilis,6,111
Primary and secondary syphilis,7,114.4
Primary and secondary syphilis,8,111
Primary and secondary syphilis,9,106.9
Primary and secondary syphilis,10,104.8
Primary and secondary syphilis,11,94.8
Primary and secondary syphilis,12,91.2
Primary and secondary syphilis,13,77.3
Primary and secondary syphilis,14,72.2
Primary and secondary syphilis,15,71.9
Primary and secondary syphilis,16,78
Primary and secondary syphilis,17,86.1
Primary and secondary syphilis,18,85.3
Primary and secondary syphilis,19,93.3
Primary and secondary syphilis,20,94.1
Primary and secondary syphilis,21,101.2
Primary and secondary syphilis,22,100.3
Primary and secondary syphilis,23,100.5
Primary and secondary syphilis,24,103.7
Primary and secondary syphilis,25,110.6
Primary and secondary syphilis,26,118.4
Primary and secondary syphilis,27,112.2
Primary and secondary syphilis,28,101.5
Primary and secondary syphilis,29,104.8
Primary and secondary syphilis,30,93.6
Primary and secondary syphilis,31,97.8
Primary and secondary syphilis,32,100.9
Primary and secondary syphilis,33,103.1
Primary and secondary syphilis,34,105.1
Primary and secondary syphilis,35,98
Primary and secondary syphilis,36,131.8
Primary and secondary syphilis,37,86.3
Primary and secondary syphilis,38,123
Primary and secondary syphilis,39,109.3
Primary and secondary syphilis,40,114.9
Primary and secondary syphilis,41,114.4
Primary and secondary syphilis,42,113.5
Primary and secondary syphilis,43,123.8
Primary and secondary syphilis,44,115.1
Primary and secondary syphilis,45,112.1
Primary and secondary syphilis,46,124.1
Primary and secondary syphilis,47,120.4
Primary and secondary syphilis,48,122.5
Primary and secondary syphilis,49,107.1
Primary and secondary syphilis,50,120
Primary and secondary syphilis,51,108.2
Primary and secondary syphilis,52,122
