Year,Group,Cases,Number of States Included
2015,Men who have sex with men,"9,544",31
2016,Men who have sex with men,"10,946",31
2017,Men who have sex with men,"12,030",31
2018,Men who have sex with men,"12,614",31
2019,Men who have sex with men,"12,532",31
2015,Men who have sex with women only,"2,233",31
2016,Men who have sex with women only,"2,859",31
2017,Men who have sex with women only,"3,420",31
2018,Men who have sex with women only,"4,473",31
2019,Men who have sex with women only,"5,601",31
2015,Women,"1,658",31
2016,Women,"2,240",31
2017,Women,"2,783",31
2018,Women,"3,735",31
2019,Women,"4,952",31
