STD,Sex and Sex of Sex Partners,Year,HIV Status,Cases
Primary and secondary syphilis,MSU,2011,HIV negative,163
Primary and secondary syphilis,MSU,2011,HIV positive,401
Primary and secondary syphilis,MSU,2011,Unknown HIV Status,1545
Primary and secondary syphilis,MSU,2012,HIV negative,296
Primary and secondary syphilis,MSU,2012,HIV positive,584
Primary and secondary syphilis,MSU,2012,Unknown HIV Status,1591
Primary and secondary syphilis,MSU,2013,HIV negative,302
Primary and secondary syphilis,MSU,2013,HIV positive,661
Primary and secondary syphilis,MSU,2013,Unknown HIV Status,1724
Primary and secondary syphilis,MSU,2014,HIV negative,385
Primary and secondary syphilis,MSU,2014,HIV positive,882
Primary and secondary syphilis,MSU,2014,Unknown HIV Status,2140
Primary and secondary syphilis,MSU,2015,HIV negative,460
Primary and secondary syphilis,MSU,2015,HIV positive,928
Primary and secondary syphilis,MSU,2015,Unknown HIV Status,2752
Primary and secondary syphilis,MSU,2016,HIV negative,936
Primary and secondary syphilis,MSU,2016,HIV positive,1271
Primary and secondary syphilis,MSU,2016,Unknown HIV Status,2482
Primary and secondary syphilis,MSU,2017,HIV negative,1015
Primary and secondary syphilis,MSU,2017,HIV positive,1210
Primary and secondary syphilis,MSU,2017,Unknown HIV Status,2376
Primary and secondary syphilis,MSU,2018,HIV negative,1749
Primary and secondary syphilis,MSU,2018,HIV positive,1358
Primary and secondary syphilis,MSU,2018,Unknown HIV Status,2751
Primary and secondary syphilis,MSU,2019,HIV negative,1983
Primary and secondary syphilis,MSU,2019,HIV positive,1700
Primary and secondary syphilis,MSU,2019,Unknown HIV Status,3049
Primary and secondary syphilis,MSU,2020,HIV negative,2457
Primary and secondary syphilis,MSU,2020,HIV positive,2031
Primary and secondary syphilis,MSU,2020,Unknown HIV Status,3389
