STD,Year,Race and Hispanic Ethnicity,Region,Sex,Rate Ratio
Primary and secondary syphilis,2020,"AI/
AN",Northeast,Male,1.46
Primary and secondary syphilis,2020,"AI/
AN",Northeast,Female,1.6
Primary and secondary syphilis,2020,"AI/
AN",Midwest,Male,4.46
Primary and secondary syphilis,2020,"AI/
AN",Midwest,Female,12.4
Primary and secondary syphilis,2020,"AI/
AN",South,Male,1.15
Primary and secondary syphilis,2020,"AI/
AN",South,Female,2.69
Primary and secondary syphilis,2020,"AI/
AN",West,Male,2.78
Primary and secondary syphilis,2020,"AI/
AN",West,Female,6.22
Primary and secondary syphilis,2020,Asian,Northeast,Male,0.95
Primary and secondary syphilis,2020,Asian,Northeast,Female,0.57
Primary and secondary syphilis,2020,Asian,Midwest,Male,0.8
Primary and secondary syphilis,2020,Asian,Midwest,Female,0.22
Primary and secondary syphilis,2020,Asian,South,Male,0.5
Primary and secondary syphilis,2020,Asian,South,Female,0.08
Primary and secondary syphilis,2020,Asian,West,Male,0.67
Primary and secondary syphilis,2020,Asian,West,Female,0.19
Primary and secondary syphilis,2020,"Black/
AA",Northeast,Male,6.29
Primary and secondary syphilis,2020,"Black/
AA",Northeast,Female,7.87
Primary and secondary syphilis,2020,"Black/
AA",Midwest,Male,8.4
Primary and secondary syphilis,2020,"Black/
AA",Midwest,Female,6.78
Primary and secondary syphilis,2020,"Black/
AA",South,Male,5.07
Primary and secondary syphilis,2020,"Black/
AA",South,Female,3.47
Primary and secondary syphilis,2020,"Black/
AA",West,Male,3.97
Primary and secondary syphilis,2020,"Black/
AA",West,Female,3.86
Primary and secondary syphilis,2020,"NH/
PI",Northeast,Male,4.3
Primary and secondary syphilis,2020,"NH/
PI",Midwest,Male,4.48
Primary and secondary syphilis,2020,"NH/
PI",Midwest,Female,6.06
Primary and secondary syphilis,2020,"NH/
PI",South,Male,1.9
Primary and secondary syphilis,2020,"NH/
PI",South,Female,3.42
Primary and secondary syphilis,2020,"NH/
PI",West,Male,1.79
Primary and secondary syphilis,2020,"NH/
PI",West,Female,2.97
Primary and secondary syphilis,2020,Multiracial,Northeast,Male,8.46
Primary and secondary syphilis,2020,Multiracial,Northeast,Female,2.48
Primary and secondary syphilis,2020,Multiracial,Midwest,Male,2.21
Primary and secondary syphilis,2020,Multiracial,Midwest,Female,2.79
Primary and secondary syphilis,2020,Multiracial,South,Male,1.52
Primary and secondary syphilis,2020,Multiracial,South,Female,1.56
Primary and secondary syphilis,2020,Multiracial,West,Male,0.79
Primary and secondary syphilis,2020,Multiracial,West,Female,0.79
Primary and secondary syphilis,2020,"Hispanic/
Latino",Northeast,Male,3.03
Primary and secondary syphilis,2020,"Hispanic/
Latino",Northeast,Female,3.18
Primary and secondary syphilis,2020,"Hispanic/
Latino",Midwest,Male,2.49
Primary and secondary syphilis,2020,"Hispanic/
Latino",Midwest,Female,1.29
Primary and secondary syphilis,2020,"Hispanic/
Latino",South,Male,1.71
Primary and secondary syphilis,2020,"Hispanic/
Latino",South,Female,0.82
Primary and secondary syphilis,2020,"Hispanic/
Latino",West,Male,1.56
Primary and secondary syphilis,2020,"Hispanic/
Latino",West,Female,1.19
Primary and secondary syphilis,2020,"NH/
PI",Northeast,Female,0
