Year,Group,Reporting Source,Cases,Percent
2019,Men who have sex with men,Private Physician/HMO,"5,144",28%
2019,Men who have sex with men,STD Clinic,"3,854",21%
2019,Men who have sex with men,Correctional Facility,116,1%
2019,Men who have sex with men,HIV Counseling and Testing Site,"1,121",6%
2019,Men who have sex with women only,Private Physician/HMO,"1,439",20%
2019,Men who have sex with women only,STD Clinic,"1,424",20%
2019,Men who have sex with women only,Correctional Facility,452,6%
2019,Men who have sex with women only,HIV Counseling and Testing Site,81,1%
2019,Women,Private Physician/HMO,"1,485",23%
2019,Women,STD Clinic,791,12%
2019,Women,Correctional Facility,251,4%
2019,Women,HIV Counseling and Testing Site,65,1%
