STD,Year,Sex and Sex of Sex Partners,Cases
Primary and secondary syphilis,2016,MSM,16155
Primary and secondary syphilis,2016,MSW,3880
Primary and secondary syphilis,2016,MSU,4689
Primary and secondary syphilis,2016,Women,3049
Primary and secondary syphilis,2017,MSM,17736
Primary and secondary syphilis,2017,MSW,4548
Primary and secondary syphilis,2017,MSU,4601
Primary and secondary syphilis,2017,Women,3722
Primary and secondary syphilis,2018,MSM,18760
Primary and secondary syphilis,2018,MSW,5416
Primary and secondary syphilis,2018,MSU,5858
Primary and secondary syphilis,2018,Women,4995
Primary and secondary syphilis,2019,MSM,18381
Primary and secondary syphilis,2019,MSW,7289
Primary and secondary syphilis,2019,MSU,6732
Primary and secondary syphilis,2019,Women,6493
Primary and secondary syphilis,2020,MSM,17968
Primary and secondary syphilis,2020,MSW,7801
Primary and secondary syphilis,2020,MSU,7877
Primary and secondary syphilis,2020,Women,7901
