STD,Year,Race,Rate
Primary and secondary syphilis,2016,AI/AN,8
Primary and secondary syphilis,2016,Asian,3.8
Primary and secondary syphilis,2016,Black/AA,22.9
Primary and secondary syphilis,2016,Hispanic/Latino,10.8
Primary and secondary syphilis,2016,NH/PI,12.7
Primary and secondary syphilis,2016,White,4.9
Primary and secondary syphilis,2016,Multiracial,6
Primary and secondary syphilis,2017,AI/AN,11
Primary and secondary syphilis,2017,Asian,4.2
Primary and secondary syphilis,2017,Black/AA,24
Primary and secondary syphilis,2017,Hispanic/Latino,11.5
Primary and secondary syphilis,2017,NH/PI,13.7
Primary and secondary syphilis,2017,White,5.4
Primary and secondary syphilis,2017,Multiracial,7.7
Primary and secondary syphilis,2018,AI/AN,15.4
Primary and secondary syphilis,2018,Asian,4.5
Primary and secondary syphilis,2018,Black/AA,27.9
Primary and secondary syphilis,2018,Hispanic/Latino,12.8
Primary and secondary syphilis,2018,NH/PI,16
Primary and secondary syphilis,2018,White,6
Primary and secondary syphilis,2018,Multiracial,9.1
Primary and secondary syphilis,2019,AI/AN,21.1
Primary and secondary syphilis,2019,Asian,4.6
Primary and secondary syphilis,2019,Black/AA,30.8
Primary and secondary syphilis,2019,Hispanic/Latino,13.6
Primary and secondary syphilis,2019,NH/PI,22.7
Primary and secondary syphilis,2019,White,6.6
Primary and secondary syphilis,2019,Multiracial,10.4
Primary and secondary syphilis,2020,AI/AN,26.9
Primary and secondary syphilis,2020,Asian,4.6
Primary and secondary syphilis,2020,Black/AA,34.1
Primary and secondary syphilis,2020,Hispanic/Latino,13.9
Primary and secondary syphilis,2020,NH/PI,22.8
Primary and secondary syphilis,2020,White,6.9
Primary and secondary syphilis,2020,Multiracial,13.9
