STD,Sex and Sex of Sex Partners,Year,HIV Status,Cases
Primary and secondary syphilis,MSM,2011,HIV negative,3086
Primary and secondary syphilis,MSM,2011,HIV positive,4017
Primary and secondary syphilis,MSM,2011,Unknown HIV Status,1379
Primary and secondary syphilis,MSM,2012,HIV negative,3510
Primary and secondary syphilis,MSM,2012,HIV positive,4416
Primary and secondary syphilis,MSM,2012,Unknown HIV Status,1833
Primary and secondary syphilis,MSM,2013,HIV negative,4137
Primary and secondary syphilis,MSM,2013,HIV positive,4659
Primary and secondary syphilis,MSM,2013,Unknown HIV Status,2158
Primary and secondary syphilis,MSM,2014,HIV negative,4863
Primary and secondary syphilis,MSM,2014,HIV positive,5257
Primary and secondary syphilis,MSM,2014,Unknown HIV Status,2106
Primary and secondary syphilis,MSM,2015,HIV negative,5397
Primary and secondary syphilis,MSM,2015,HIV positive,5238
Primary and secondary syphilis,MSM,2015,Unknown HIV Status,3594
Primary and secondary syphilis,MSM,2016,HIV negative,7270
Primary and secondary syphilis,MSM,2016,HIV positive,6457
Primary and secondary syphilis,MSM,2016,Unknown HIV Status,2428
Primary and secondary syphilis,MSM,2017,HIV negative,8267
Primary and secondary syphilis,MSM,2017,HIV positive,6904
Primary and secondary syphilis,MSM,2017,Unknown HIV Status,2565
Primary and secondary syphilis,MSM,2018,HIV negative,9080
Primary and secondary syphilis,MSM,2018,HIV positive,6476
Primary and secondary syphilis,MSM,2018,Unknown HIV Status,3204
Primary and secondary syphilis,MSM,2019,HIV negative,8867
Primary and secondary syphilis,MSM,2019,HIV positive,7013
Primary and secondary syphilis,MSM,2019,Unknown HIV Status,2501
Primary and secondary syphilis,MSM,2020,HIV negative,8441
Primary and secondary syphilis,MSM,2020,HIV positive,7161
Primary and secondary syphilis,MSM,2020,Unknown HIV Status,2366
