Year,Azithromycin,Cefixime,Ceftriaxone,Ciprofloxacin,Penicillin,Tetracycline,Percent,Category
2019,N,N,N,N,N,N,44%,Susceptible*
2019,Y,N,N,N,N,N,1%,1 antimicrobial
2019,N,Y,N,N,N,N,0%,1 antimicrobial
2019,N,N,Y,N,N,N,0%,1 antimicrobial
2019,N,N,N,Y,N,N,18%,1 antimicrobial
2019,N,N,N,N,Y,N,2%,1 antimicrobial
2019,N,N,N,N,N,Y,13%,1 antimicrobial
2019,Y,Y,N,N,N,N,0%,2 antimicrobials
2019,Y,N,N,Y,N,N,0%,2 antimicrobials
2019,Y,N,N,N,N,Y,3%,2 antimicrobials
2019,N,Y,N,Y,N,N,0%,2 antimicrobials
2019,N,N,N,Y,Y,N,6%,2 antimicrobials
2019,N,N,N,Y,N,Y,6%,2 antimicrobials
2019,N,N,N,N,Y,Y,1%,2 antimicrobials
2019,Y,N,N,Y,N,Y,1%,3 antimicrobials
2019,Y,N,N,N,Y,Y,0%,3 antimicrobials
2019,N,Y,N,Y,N,Y,0%,3 antimicrobials
2019,N,N,Y,Y,N,Y,0%,3 antimicrobials
2019,N,N,N,Y,Y,Y,4%,3 antimicrobials
2019,Y,N,N,Y,Y,Y,0%,4+ antimicrobials
2019,N,Y,N,Y,Y,Y,0%,4+ antimicrobials
2019,N,N,Y,Y,Y,Y,0%,4+ antimicrobials
2019,N,Y,Y,Y,Y,Y,0%,4+ antimicrobials
