Azithromycin,Cefixime,Ceftriaxone,Ciprofloxacin,Penicillin,Tetracycline,Combination Percent,Full Category,Broad Category,Year
0,0,0,0,0,0,48.7,Susceptible*,Susceptible*,2020
1,0,0,0,0,0,2.2,Azithromycin only,1 antimicrobial,2020
0,1,0,0,0,0,0.2,Cefixime only,1 antimicrobial,2020
0,0,0,1,0,0,20.1,Ciprofloxacin only,1 antimicrobial,2020
0,0,0,0,1,0,1.4,Penicillin only,1 antimicrobial,2020
0,0,0,0,0,1,9.4,Tetracycline only,1 antimicrobial,2020
1,0,0,1,0,0,0.7,Any 2 antimicrobials,2 antimicrobials,2020
1,0,0,0,1,0,0,Any 2 antimicrobials,2 antimicrobials,2020
1,0,0,0,0,1,2.2,Any 2 antimicrobials,2 antimicrobials,2020
0,1,0,1,0,0,0.1,Any 2 antimicrobials,2 antimicrobials,2020
0,1,0,0,1,0,0,Any 2 antimicrobials,2 antimicrobials,2020
0,0,0,1,1,0,6.8,Any 2 antimicrobials,2 antimicrobials,2020
0,0,0,1,0,1,3.6,Any 2 antimicrobials,2 antimicrobials,2020
0,0,0,0,1,1,1.1,Any 2 antimicrobials,2 antimicrobials,2020
1,0,0,1,1,0,0.1,Any 3 antimicrobials,3 antimicrobials,2020
1,0,0,1,0,1,0.5,Any 3 antimicrobials,3 antimicrobials,2020
1,0,0,0,1,1,0,Any 3 antimicrobials,3 antimicrobials,2020
0,0,1,1,0,1,0,Any 3 antimicrobials,3 antimicrobials,2020
0,0,0,1,1,1,2.8,Any 3 antimicrobials,3 antimicrobials,2020
1,0,0,1,1,1,0,Any 4 antimicrobials,4+ antimicrobials,2020
0,1,0,1,1,1,0.1,Any 4 antimicrobials,4+ antimicrobials,2020
0,0,1,1,1,1,0,Any 4 antimicrobials,4+ antimicrobials,2020
0,1,1,1,1,1,0,Any 5 antimicrobials,4+ antimicrobials,2020
