STD,Week,Percent
Syphilis (all stages),1,109.3
Syphilis (all stages),2,112.1
Syphilis (all stages),3,113.9
Syphilis (all stages),4,114.2
Syphilis (all stages),5,116.3
Syphilis (all stages),6,111.4
Syphilis (all stages),7,115
Syphilis (all stages),8,118.8
Syphilis (all stages),9,112.4
Syphilis (all stages),10,115.8
Syphilis (all stages),11,111
Syphilis (all stages),12,88.6
Syphilis (all stages),13,73.2
Syphilis (all stages),14,63.5
Syphilis (all stages),15,63.2
Syphilis (all stages),16,67.2
Syphilis (all stages),17,72.1
Syphilis (all stages),18,75.1
Syphilis (all stages),19,80.7
Syphilis (all stages),20,81.6
Syphilis (all stages),21,91.7
Syphilis (all stages),22,93.2
Syphilis (all stages),23,92.4
Syphilis (all stages),24,93.4
Syphilis (all stages),25,98.1
Syphilis (all stages),26,105.2
Syphilis (all stages),27,105.3
Syphilis (all stages),28,93.9
Syphilis (all stages),29,99.2
Syphilis (all stages),30,95.7
Syphilis (all stages),31,100.5
Syphilis (all stages),32,101
Syphilis (all stages),33,103.1
Syphilis (all stages),34,100.6
Syphilis (all stages),35,105.6
Syphilis (all stages),36,128.3
Syphilis (all stages),37,85.9
Syphilis (all stages),38,114.1
Syphilis (all stages),39,101.6
Syphilis (all stages),40,112.7
Syphilis (all stages),41,106.7
Syphilis (all stages),42,108.4
Syphilis (all stages),43,117.1
Syphilis (all stages),44,113.5
Syphilis (all stages),45,106.4
Syphilis (all stages),46,114.6
Syphilis (all stages),47,107.5
Syphilis (all stages),48,111.4
Syphilis (all stages),49,111.7
Syphilis (all stages),50,112.2
Syphilis (all stages),51,109.8
Syphilis (all stages),52,127.1
