STD,Year,Rate
Primary and secondary syphilis,1941,51.7
Primary and secondary syphilis,1942,57
Primary and secondary syphilis,1943,63.8
Primary and secondary syphilis,1944,61.6
Primary and secondary syphilis,1945,60.5
Primary and secondary syphilis,1946,70.9
Primary and secondary syphilis,1947,66.4
Primary and secondary syphilis,1948,47.3
Primary and secondary syphilis,1949,28.7
Primary and secondary syphilis,1950,16.7
Primary and secondary syphilis,1951,9.6
Primary and secondary syphilis,1952,6.9
Primary and secondary syphilis,1953,5.6
Primary and secondary syphilis,1954,4.5
Primary and secondary syphilis,1955,4
Primary and secondary syphilis,1956,3.9
Primary and secondary syphilis,1957,3.9
Primary and secondary syphilis,1958,4.2
Primary and secondary syphilis,1959,5.6
Primary and secondary syphilis,1960,9.1
Primary and secondary syphilis,1961,11
Primary and secondary syphilis,1962,11.5
Primary and secondary syphilis,1963,11.9
Primary and secondary syphilis,1964,12.1
Primary and secondary syphilis,1965,12.2
Primary and secondary syphilis,1966,11
Primary and secondary syphilis,1967,10.7
Primary and secondary syphilis,1968,9.6
Primary and secondary syphilis,1969,9.5
Primary and secondary syphilis,1970,10.8
Primary and secondary syphilis,1971,11.5
Primary and secondary syphilis,1972,11.7
Primary and secondary syphilis,1973,11.7
Primary and secondary syphilis,1974,11.9
Primary and secondary syphilis,1975,11.9
Primary and secondary syphilis,1976,10.9
Primary and secondary syphilis,1977,9.3
Primary and secondary syphilis,1978,9.8
Primary and secondary syphilis,1979,11.1
Primary and secondary syphilis,1980,12
Primary and secondary syphilis,1981,13.6
Primary and secondary syphilis,1982,14.5
Primary and secondary syphilis,1983,14
Primary and secondary syphilis,1984,12.1
Primary and secondary syphilis,1985,11.4
Primary and secondary syphilis,1986,11.5
Primary and secondary syphilis,1987,14.7
Primary and secondary syphilis,1988,16.6
Primary and secondary syphilis,1989,18.6
Primary and secondary syphilis,1990,20.3
Primary and secondary syphilis,1991,17
Primary and secondary syphilis,1992,13.3
Primary and secondary syphilis,1993,10.2
Primary and secondary syphilis,1994,7.8
Primary and secondary syphilis,1995,6.2
Primary and secondary syphilis,1996,4.2
Primary and secondary syphilis,1997,3.1
Primary and secondary syphilis,1998,2.5
Primary and secondary syphilis,1999,2.4
Primary and secondary syphilis,2000,2.1
Primary and secondary syphilis,2001,2.1
Primary and secondary syphilis,2002,2.4
Primary and secondary syphilis,2003,2.5
Primary and secondary syphilis,2004,2.7
Primary and secondary syphilis,2005,2.9
Primary and secondary syphilis,2006,3.3
Primary and secondary syphilis,2007,3.8
Primary and secondary syphilis,2008,4.4
Primary and secondary syphilis,2009,4.6
Primary and secondary syphilis,2010,4.5
Primary and secondary syphilis,2011,4.5
Primary and secondary syphilis,2012,5
Primary and secondary syphilis,2013,5.5
Primary and secondary syphilis,2014,6.3
Primary and secondary syphilis,2015,7.4
Primary and secondary syphilis,2016,8.6
Primary and secondary syphilis,2017,9.4
Primary and secondary syphilis,2018,10.7
Primary and secondary syphilis,2019,11.9
Primary and secondary syphilis,2020,12.7
Early non-primary non-secondary syphilis,1941,82.6
Early non-primary non-secondary syphilis,1942,88
Early non-primary non-secondary syphilis,1943,116
Early non-primary non-secondary syphilis,1944,96.7
Early non-primary non-secondary syphilis,1945,79.9
Early non-primary non-secondary syphilis,1946,80.6
Early non-primary non-secondary syphilis,1947,73.9
Early non-primary non-secondary syphilis,1948,62.9
Early non-primary non-secondary syphilis,1949,51.3
Early non-primary non-secondary syphilis,1950,39.7
Early non-primary non-secondary syphilis,1951,28.7
Early non-primary non-secondary syphilis,1952,24
Early non-primary non-secondary syphilis,1953,18.3
Early non-primary non-secondary syphilis,1954,15.1
Early non-primary non-secondary syphilis,1955,12.5
Early non-primary non-secondary syphilis,1956,12
Early non-primary non-secondary syphilis,1957,10.6
Early non-primary non-secondary syphilis,1958,9.7
Early non-primary non-secondary syphilis,1959,9.8
Early non-primary non-secondary syphilis,1960,10.1
Early non-primary non-secondary syphilis,1961,10.8
Early non-primary non-secondary syphilis,1962,10.7
Early non-primary non-secondary syphilis,1963,9.8
Early non-primary non-secondary syphilis,1964,9.4
Early non-primary non-secondary syphilis,1965,9.1
Early non-primary non-secondary syphilis,1966,8.2
Early non-primary non-secondary syphilis,1967,7.9
Early non-primary non-secondary syphilis,1968,7.6
Early non-primary non-secondary syphilis,1969,7.6
Early non-primary non-secondary syphilis,1970,8
Early non-primary non-secondary syphilis,1971,9.4
Early non-primary non-secondary syphilis,1972,9.9
Early non-primary non-secondary syphilis,1973,11.2
Early non-primary non-secondary syphilis,1974,11.8
Early non-primary non-secondary syphilis,1975,12.3
Early non-primary non-secondary syphilis,1976,11.7
Early non-primary non-secondary syphilis,1977,9.7
Early non-primary non-secondary syphilis,1978,8.8
Early non-primary non-secondary syphilis,1979,9.1
Early non-primary non-secondary syphilis,1980,8.9
Early non-primary non-secondary syphilis,1981,9.2
Early non-primary non-secondary syphilis,1982,9.5
Early non-primary non-secondary syphilis,1983,10.2
Early non-primary non-secondary syphilis,1984,9.8
Early non-primary non-secondary syphilis,1985,9.1
Early non-primary non-secondary syphilis,1986,9
Early non-primary non-secondary syphilis,1987,11.7
Early non-primary non-secondary syphilis,1988,14.7
Early non-primary non-secondary syphilis,1989,18.4
Early non-primary non-secondary syphilis,1990,22.2
Early non-primary non-secondary syphilis,1991,21.3
Early non-primary non-secondary syphilis,1992,19.5
Early non-primary non-secondary syphilis,1993,16.1
Early non-primary non-secondary syphilis,1994,12.2
Early non-primary non-secondary syphilis,1995,10
Early non-primary non-secondary syphilis,1996,7.5
Early non-primary non-secondary syphilis,1997,6.1
Early non-primary non-secondary syphilis,1998,4.6
Early non-primary non-secondary syphilis,1999,4.1
Early non-primary non-secondary syphilis,2000,3.4
Early non-primary non-secondary syphilis,2001,3
Early non-primary non-secondary syphilis,2002,2.9
Early non-primary non-secondary syphilis,2003,2.9
Early non-primary non-secondary syphilis,2004,2.6
Early non-primary non-secondary syphilis,2005,2.8
Early non-primary non-secondary syphilis,2006,3.1
Early non-primary non-secondary syphilis,2007,3.6
Early non-primary non-secondary syphilis,2008,4.1
Early non-primary non-secondary syphilis,2009,4.3
Early non-primary non-secondary syphilis,2010,4.4
Early non-primary non-secondary syphilis,2011,4.2
Early non-primary non-secondary syphilis,2012,4.6
Early non-primary non-secondary syphilis,2013,5.4
Early non-primary non-secondary syphilis,2014,6.1
Early non-primary non-secondary syphilis,2015,7.5
Early non-primary non-secondary syphilis,2016,9
Early non-primary non-secondary syphilis,2017,10.4
Early non-primary non-secondary syphilis,2018,11.8
Early non-primary non-secondary syphilis,2019,12.7
Early non-primary non-secondary syphilis,2020,13.1
Total syphilis,1941,368.2
Total syphilis,1942,363.4
Total syphilis,1943,447
Total syphilis,1944,367.9
Total syphilis,1945,282.3
Total syphilis,1946,271.7
Total syphilis,1947,252.3
Total syphilis,1948,218.2
Total syphilis,1949,175.3
Total syphilis,1950,146
Total syphilis,1951,116.1
Total syphilis,1952,110.2
Total syphilis,1953,95.9
Total syphilis,1954,82.9
Total syphilis,1955,76.2
Total syphilis,1956,78.7
Total syphilis,1957,73.5
Total syphilis,1958,66.4
Total syphilis,1959,69.2
Total syphilis,1960,68.8
Total syphilis,1961,68.8
Total syphilis,1962,68.7
Total syphilis,1963,66.5
Total syphilis,1964,60.4
Total syphilis,1965,58.9
Total syphilis,1966,54.2
Total syphilis,1967,52.2
Total syphilis,1968,48.4
Total syphilis,1969,45.7
Total syphilis,1970,44.8
Total syphilis,1971,46.4
Total syphilis,1972,43.6
Total syphilis,1973,41.4
Total syphilis,1974,39.3
Total syphilis,1975,37.3
Total syphilis,1976,33
Total syphilis,1977,29.4
Total syphilis,1978,29.2
Total syphilis,1979,29.9
Total syphilis,1980,30.3
Total syphilis,1981,31.7
Total syphilis,1982,32.6
Total syphilis,1983,31.9
Total syphilis,1984,29.6
Total syphilis,1985,28.4
Total syphilis,1986,28.2
Total syphilis,1987,36
Total syphilis,1988,42.8
Total syphilis,1989,46.6
Total syphilis,1990,54.3
Total syphilis,1991,50.9
Total syphilis,1992,44.7
Total syphilis,1993,39.5
Total syphilis,1994,31.4
Total syphilis,1995,26
Total syphilis,1996,19.8
Total syphilis,1997,17.1
Total syphilis,1998,13.9
Total syphilis,1999,12.7
Total syphilis,2000,11.2
Total syphilis,2001,11.3
Total syphilis,2002,11.4
Total syphilis,2003,11.8
Total syphilis,2004,11.4
Total syphilis,2005,11.2
Total syphilis,2006,12.3
Total syphilis,2007,13.6
Total syphilis,2008,15.2
Total syphilis,2009,14.6
Total syphilis,2010,14.8
Total syphilis,2011,14.8
Total syphilis,2012,15.9
Total syphilis,2013,17.9
Total syphilis,2014,19.9
Total syphilis,2015,23.2
Total syphilis,2016,27.3
Total syphilis,2017,31.2
Total syphilis,2018,35.2
Total syphilis,2019,39.5
Total syphilis,2020,40.8
