Year,Syphilis Stage,Cases,Rate
2010,Early Non-Primary Non-Secondary Syphilis,"13,604",4.4
2011,Early Non-Primary Non-Secondary Syphilis,"13,136",4.2
2012,Early Non-Primary Non-Secondary Syphilis,"14,503",4.6
2013,Early Non-Primary Non-Secondary Syphilis,"16,929",5.4
2014,Early Non-Primary Non-Secondary Syphilis,"19,452",6.1
2015,Early Non-Primary Non-Secondary Syphilis,"24,173",7.5
2016,Early Non-Primary Non-Secondary Syphilis,"28,924",9.0
2017,Early Non-Primary Non-Secondary Syphilis,"34,013",10.4
2018,Early Non-Primary Non-Secondary Syphilis,"38,539",11.8
2019,Early Non-Primary Non-Secondary Syphilis,"41,655",12.7
2010,Primary and Secondary Syphilis,"13,774",4.5
2011,Primary and Secondary Syphilis,"13,970",4.5
2012,Primary and Secondary Syphilis,"15,667",5.0
2013,Primary and Secondary Syphilis,"17,375",5.5
2014,Primary and Secondary Syphilis,"19,999",6.3
2015,Primary and Secondary Syphilis,"23,872",7.4
2016,Primary and Secondary Syphilis,"27,814",8.6
2017,Primary and Secondary Syphilis,"30,644",9.4
2018,Primary and Secondary Syphilis,"35,063",10.7
2019,Primary and Secondary Syphilis,"38,992",11.9
2010,Total Syphilis,"45,844",14.8
2011,Total Syphilis,"46,040",14.8
2012,Total Syphilis,"49,915",15.9
2013,Total Syphilis,"56,485",17.9
2014,Total Syphilis,"63,454",19.9
2015,Total Syphilis,"74,709",23.2
2016,Total Syphilis,"88,055",27.3
2017,Total Syphilis,"101,590",31.2
2018,Total Syphilis,"115,062",35.2
2019,Total Syphilis,"129,813",39.7
