Year,Syphilis Stage,Cases,Rate
1941,Early Non-Primary Non-Secondary Syphilis,"109,018",82.6
1942,Early Non-Primary Non-Secondary Syphilis,"116,245",88.0
1943,Early Non-Primary Non-Secondary Syphilis,"149,390",116.0
1944,Early Non-Primary Non-Secondary Syphilis,"123,038",96.7
1945,Early Non-Primary Non-Secondary Syphilis,"101,719",79.9
1946,Early Non-Primary Non-Secondary Syphilis,"107,924",80.6
1947,Early Non-Primary Non-Secondary Syphilis,"104,124",73.9
1948,Early Non-Primary Non-Secondary Syphilis,"90,598",62.9
1949,Early Non-Primary Non-Secondary Syphilis,"75,045",51.3
1950,Early Non-Primary Non-Secondary Syphilis,"59,256",39.7
1951,Early Non-Primary Non-Secondary Syphilis,"43,316",28.7
1952,Early Non-Primary Non-Secondary Syphilis,"36,454",24.0
1953,Early Non-Primary Non-Secondary Syphilis,"28,295",18.3
1954,Early Non-Primary Non-Secondary Syphilis,"23,861",15.1
1955,Early Non-Primary Non-Secondary Syphilis,"20,054",12.5
1956,Early Non-Primary Non-Secondary Syphilis,"19,783",12.0
1957,Early Non-Primary Non-Secondary Syphilis,"17,796",10.6
1958,Early Non-Primary Non-Secondary Syphilis,"16,556",9.7
1959,Early Non-Primary Non-Secondary Syphilis,"17,025",9.8
1960,Early Non-Primary Non-Secondary Syphilis,"18,017",10.1
1961,Early Non-Primary Non-Secondary Syphilis,"19,486",10.8
1962,Early Non-Primary Non-Secondary Syphilis,"19,585",10.7
1963,Early Non-Primary Non-Secondary Syphilis,"18,235",9.8
1964,Early Non-Primary Non-Secondary Syphilis,"17,781",9.4
1965,Early Non-Primary Non-Secondary Syphilis,"17,458",9.1
1966,Early Non-Primary Non-Secondary Syphilis,"15,950",8.2
1967,Early Non-Primary Non-Secondary Syphilis,"15,554",7.9
1968,Early Non-Primary Non-Secondary Syphilis,"15,150",7.6
1969,Early Non-Primary Non-Secondary Syphilis,"15,402",7.6
1970,Early Non-Primary Non-Secondary Syphilis,"16,311",8.0
1971,Early Non-Primary Non-Secondary Syphilis,"19,417",9.4
1972,Early Non-Primary Non-Secondary Syphilis,"20,784",9.9
1973,Early Non-Primary Non-Secondary Syphilis,"23,584",11.2
1974,Early Non-Primary Non-Secondary Syphilis,"25,124",11.8
1975,Early Non-Primary Non-Secondary Syphilis,"26,569",12.3
1976,Early Non-Primary Non-Secondary Syphilis,"25,363",11.7
1977,Early Non-Primary Non-Secondary Syphilis,"21,329",9.7
1978,Early Non-Primary Non-Secondary Syphilis,"19,628",8.8
1979,Early Non-Primary Non-Secondary Syphilis,"20,459",9.1
1980,Early Non-Primary Non-Secondary Syphilis,"20,297",8.9
1981,Early Non-Primary Non-Secondary Syphilis,"21,033",9.2
1982,Early Non-Primary Non-Secondary Syphilis,"21,894",9.5
1983,Early Non-Primary Non-Secondary Syphilis,"23,738",10.2
1984,Early Non-Primary Non-Secondary Syphilis,"23,131",9.8
1985,Early Non-Primary Non-Secondary Syphilis,"21,689",9.1
1986,Early Non-Primary Non-Secondary Syphilis,"21,656",9.0
1987,Early Non-Primary Non-Secondary Syphilis,"28,233",11.7
1988,Early Non-Primary Non-Secondary Syphilis,"35,968",14.7
1989,Early Non-Primary Non-Secondary Syphilis,"45,394",18.4
1990,Early Non-Primary Non-Secondary Syphilis,"55,397",22.2
1991,Early Non-Primary Non-Secondary Syphilis,"53,855",21.3
1992,Early Non-Primary Non-Secondary Syphilis,"49,929",19.5
1993,Early Non-Primary Non-Secondary Syphilis,"41,919",16.1
1994,Early Non-Primary Non-Secondary Syphilis,"32,017",12.2
1995,Early Non-Primary Non-Secondary Syphilis,"26,657",10.0
1996,Early Non-Primary Non-Secondary Syphilis,"20,187",7.5
1997,Early Non-Primary Non-Secondary Syphilis,"16,631",6.1
1998,Early Non-Primary Non-Secondary Syphilis,"12,696",4.6
1999,Early Non-Primary Non-Secondary Syphilis,"11,534",4.1
2000,Early Non-Primary Non-Secondary Syphilis,"9,465",3.4
2001,Early Non-Primary Non-Secondary Syphilis,"8,701",3.0
2002,Early Non-Primary Non-Secondary Syphilis,"8,429",2.9
2003,Early Non-Primary Non-Secondary Syphilis,"8,361",2.9
2004,Early Non-Primary Non-Secondary Syphilis,"7,768",2.6
2005,Early Non-Primary Non-Secondary Syphilis,"8,176",2.8
2006,Early Non-Primary Non-Secondary Syphilis,"9,186",3.1
2007,Early Non-Primary Non-Secondary Syphilis,"10,768",3.6
2008,Early Non-Primary Non-Secondary Syphilis,"12,401",4.1
2009,Early Non-Primary Non-Secondary Syphilis,"13,066",4.3
2010,Early Non-Primary Non-Secondary Syphilis,"13,604",4.4
2011,Early Non-Primary Non-Secondary Syphilis,"13,136",4.2
2012,Early Non-Primary Non-Secondary Syphilis,"14,503",4.6
2013,Early Non-Primary Non-Secondary Syphilis,"16,929",5.4
2014,Early Non-Primary Non-Secondary Syphilis,"19,452",6.1
2015,Early Non-Primary Non-Secondary Syphilis,"24,173",7.5
2016,Early Non-Primary Non-Secondary Syphilis,"28,924",9.0
2017,Early Non-Primary Non-Secondary Syphilis,"34,013",10.4
2018,Early Non-Primary Non-Secondary Syphilis,"38,539",11.8
2019,Early Non-Primary Non-Secondary Syphilis,"41,655",12.7
1941,Primary and Secondary Syphilis,"68,231",51.7
1942,Primary and Secondary Syphilis,"75,312",57.0
1943,Primary and Secondary Syphilis,"82,204",63.8
1944,Primary and Secondary Syphilis,"78,443",61.6
1945,Primary and Secondary Syphilis,"77,007",60.5
1946,Primary and Secondary Syphilis,"94,957",70.9
1947,Primary and Secondary Syphilis,"93,545",66.4
1948,Primary and Secondary Syphilis,"68,174",47.3
1949,Primary and Secondary Syphilis,"41,942",28.7
1950,Primary and Secondary Syphilis,"23,939",16.7
1951,Primary and Secondary Syphilis,"14,485",9.6
1952,Primary and Secondary Syphilis,"10,449",6.9
1953,Primary and Secondary Syphilis,"8,637",5.6
1954,Primary and Secondary Syphilis,"7,147",4.5
1955,Primary and Secondary Syphilis,"6,454",4.0
1956,Primary and Secondary Syphilis,"6,392",3.9
1957,Primary and Secondary Syphilis,"6,576",3.9
1958,Primary and Secondary Syphilis,"7,176",4.2
1959,Primary and Secondary Syphilis,"9,799",5.6
1960,Primary and Secondary Syphilis,"16,145",9.1
1961,Primary and Secondary Syphilis,"19,851",11.0
1962,Primary and Secondary Syphilis,"21,067",11.5
1963,Primary and Secondary Syphilis,"22,251",11.9
1964,Primary and Secondary Syphilis,"22,969",12.1
1965,Primary and Secondary Syphilis,"23,338",12.2
1966,Primary and Secondary Syphilis,"21,414",11.0
1967,Primary and Secondary Syphilis,"21,053",10.7
1968,Primary and Secondary Syphilis,"19,019",9.6
1969,Primary and Secondary Syphilis,"19,130",9.5
1970,Primary and Secondary Syphilis,"21,982",10.8
1971,Primary and Secondary Syphilis,"23,783",11.5
1972,Primary and Secondary Syphilis,"24,429",11.7
1973,Primary and Secondary Syphilis,"24,825",11.7
1974,Primary and Secondary Syphilis,"25,385",11.9
1975,Primary and Secondary Syphilis,"25,561",11.9
1976,Primary and Secondary Syphilis,"23,731",10.9
1977,Primary and Secondary Syphilis,"20,399",9.3
1978,Primary and Secondary Syphilis,"21,656",9.8
1979,Primary and Secondary Syphilis,"24,874",11.1
1980,Primary and Secondary Syphilis,"27,204",12.0
1981,Primary and Secondary Syphilis,"31,266",13.6
1982,Primary and Secondary Syphilis,"33,613",14.5
1983,Primary and Secondary Syphilis,"32,698",14.0
1984,Primary and Secondary Syphilis,"28,607",12.1
1985,Primary and Secondary Syphilis,"27,131",11.4
1986,Primary and Secondary Syphilis,"27,667",11.5
1987,Primary and Secondary Syphilis,"35,585",14.7
1988,Primary and Secondary Syphilis,"40,474",16.6
1989,Primary and Secondary Syphilis,"45,826",18.6
1990,Primary and Secondary Syphilis,"50,578",20.3
1991,Primary and Secondary Syphilis,"42,950",17.0
1992,Primary and Secondary Syphilis,"34,009",13.3
1993,Primary and Secondary Syphilis,"26,527",10.2
1994,Primary and Secondary Syphilis,"20,641",7.8
1995,Primary and Secondary Syphilis,"16,543",6.2
1996,Primary and Secondary Syphilis,"11,405",4.2
1997,Primary and Secondary Syphilis,"8,556",3.1
1998,Primary and Secondary Syphilis,"7,007",2.5
1999,Primary and Secondary Syphilis,"6,617",2.4
2000,Primary and Secondary Syphilis,"5,979",2.1
2001,Primary and Secondary Syphilis,"6,103",2.1
2002,Primary and Secondary Syphilis,"6,862",2.4
2003,Primary and Secondary Syphilis,"7,177",2.5
2004,Primary and Secondary Syphilis,"7,980",2.7
2005,Primary and Secondary Syphilis,"8,724",2.9
2006,Primary and Secondary Syphilis,"9,756",3.3
2007,Primary and Secondary Syphilis,"11,466",3.8
2008,Primary and Secondary Syphilis,"13,500",4.4
2009,Primary and Secondary Syphilis,"13,997",4.6
2010,Primary and Secondary Syphilis,"13,774",4.5
2011,Primary and Secondary Syphilis,"13,970",4.5
2012,Primary and Secondary Syphilis,"15,667",5.0
2013,Primary and Secondary Syphilis,"17,375",5.5
2014,Primary and Secondary Syphilis,"19,999",6.3
2015,Primary and Secondary Syphilis,"23,872",7.4
2016,Primary and Secondary Syphilis,"27,814",8.6
2017,Primary and Secondary Syphilis,"30,644",9.4
2018,Primary and Secondary Syphilis,"35,063",10.7
2019,Primary and Secondary Syphilis,"38,992",11.9
1941,Total Syphilis,"485,560",368.2
1942,Total Syphilis,"479,601",363.4
1943,Total Syphilis,"575,593",447.0
1944,Total Syphilis,"467,755",367.9
1945,Total Syphilis,"359,114",282.3
1946,Total Syphilis,"363,647",271.7
1947,Total Syphilis,"355,592",252.3
1948,Total Syphilis,"314,313",218.2
1949,Total Syphilis,"256,463",175.3
1950,Total Syphilis,"217,558",146.0
1951,Total Syphilis,"174,924",116.1
1952,Total Syphilis,"167,762",110.2
1953,Total Syphilis,"148,573",95.9
1954,Total Syphilis,"130,697",82.9
1955,Total Syphilis,"122,392",76.2
1956,Total Syphilis,"130,201",78.7
1957,Total Syphilis,"123,758",73.5
1958,Total Syphilis,"113,884",66.4
1959,Total Syphilis,"120,824",69.2
1960,Total Syphilis,"122,538",68.8
1961,Total Syphilis,"124,658",68.8
1962,Total Syphilis,"126,245",68.7
1963,Total Syphilis,"124,137",66.5
1964,Total Syphilis,"114,325",60.4
1965,Total Syphilis,"112,842",58.9
1966,Total Syphilis,"105,159",54.2
1967,Total Syphilis,"102,581",52.2
1968,Total Syphilis,"96,271",48.4
1969,Total Syphilis,"92,162",45.7
1970,Total Syphilis,"91,382",44.8
1971,Total Syphilis,"95,997",46.4
1972,Total Syphilis,"91,149",43.6
1973,Total Syphilis,"87,469",41.4
1974,Total Syphilis,"83,771",39.3
1975,Total Syphilis,"80,356",37.3
1976,Total Syphilis,"71,761",33.0
1977,Total Syphilis,"64,621",29.4
1978,Total Syphilis,"64,875",29.2
1979,Total Syphilis,"67,049",29.9
1980,Total Syphilis,"68,832",30.3
1981,Total Syphilis,"72,799",31.7
1982,Total Syphilis,"75,579",32.6
1983,Total Syphilis,"74,637",31.9
1984,Total Syphilis,"69,872",29.6
1985,Total Syphilis,"67,563",28.4
1986,Total Syphilis,"67,779",28.2
1987,Total Syphilis,"87,286",36.0
1988,Total Syphilis,"104,546",42.8
1989,Total Syphilis,"115,089",46.6
1990,Total Syphilis,"135,590",54.3
1991,Total Syphilis,"128,719",50.9
1992,Total Syphilis,"114,730",44.7
1993,Total Syphilis,"102,612",39.5
1994,Total Syphilis,"82,713",31.4
1995,Total Syphilis,"69,359",26.0
1996,Total Syphilis,"53,240",19.8
1997,Total Syphilis,"46,716",17.1
1998,Total Syphilis,"38,289",13.9
1999,Total Syphilis,"35,386",12.7
2000,Total Syphilis,"31,618",11.2
2001,Total Syphilis,"32,286",11.3
2002,Total Syphilis,"32,919",11.4
2003,Total Syphilis,"34,289",11.8
2004,Total Syphilis,"33,423",11.4
2005,Total Syphilis,"33,288",11.2
2006,Total Syphilis,"36,958",12.3
2007,Total Syphilis,"40,925",13.6
2008,Total Syphilis,"46,292",15.2
2009,Total Syphilis,"44,832",14.6
2010,Total Syphilis,"45,844",14.8
2011,Total Syphilis,"46,040",14.8
2012,Total Syphilis,"49,915",15.9
2013,Total Syphilis,"56,485",17.9
2014,Total Syphilis,"63,454",19.9
2015,Total Syphilis,"74,709",23.2
2016,Total Syphilis,"88,055",27.3
2017,Total Syphilis,"101,590",31.2
2018,Total Syphilis,"115,062",35.2
2019,Total Syphilis,"129,813",39.7
