STD,Year,Rate
Primary and secondary syphilis,2011,4.5
Primary and secondary syphilis,2012,5
Primary and secondary syphilis,2013,5.5
Primary and secondary syphilis,2014,6.3
Primary and secondary syphilis,2015,7.4
Primary and secondary syphilis,2016,8.6
Primary and secondary syphilis,2017,9.4
Primary and secondary syphilis,2018,10.7
Primary and secondary syphilis,2019,11.9
Primary and secondary syphilis,2020,12.7
Early non-primary non-secondary syphilis,2011,4.2
Early non-primary non-secondary syphilis,2012,4.6
Early non-primary non-secondary syphilis,2013,5.4
Early non-primary non-secondary syphilis,2014,6.1
Early non-primary non-secondary syphilis,2015,7.5
Early non-primary non-secondary syphilis,2016,9
Early non-primary non-secondary syphilis,2017,10.4
Early non-primary non-secondary syphilis,2018,11.8
Early non-primary non-secondary syphilis,2019,12.7
Early non-primary non-secondary syphilis,2020,13.1
Total syphilis,2011,14.8
Total syphilis,2012,15.9
Total syphilis,2013,17.9
Total syphilis,2014,19.9
Total syphilis,2015,23.2
Total syphilis,2016,27.3
Total syphilis,2017,31.2
Total syphilis,2018,35.2
Total syphilis,2019,39.5
Total syphilis,2020,40.8
